<?xml version="1.0" encoding="us-ascii"?>
<!--XBRL document created with Crossfire XBRL Enabler by Rivet Software version 3.6.4037.19442-->
<!--Based on XBRL 2.1-->
<!--Created on: 1/27/2011 6:58:27 PM-->
<!--Modified on: 1/27/2011 6:58:27 PM-->
<linkbase xmlns="http://www.xbrl.org/2003/linkbase" xmlns:xsi="http://www.w3.org/2001/XMLSchema-instance" xmlns:xlink="http://www.w3.org/1999/xlink" xmlns:xbrldt="http://xbrl.org/2005/xbrldt" xsi:schemaLocation="http://www.xbrl.org/2003/linkbase http://www.xbrl.org/2003/xbrl-linkbase-2003-12-31.xsd">
  <roleRef xlink:type="simple" xlink:href="tibx-20101130.xsd#StatementConsolidatedStatementsOfEquityAndComprehensiveIncomeLoss" roleURI="http://www.tibco.com/taxonomy/role/StatementConsolidatedStatementsOfEquityAndComprehensiveIncomeLoss" />
  <arcroleRef xlink:type="simple" xlink:href="http://www.xbrl.org/2005/xbrldt-2005.xsd#all" arcroleURI="http://xbrl.org/int/dim/arcrole/all" />
  <arcroleRef xlink:type="simple" xlink:href="http://www.xbrl.org/2005/xbrldt-2005.xsd#dimension-default" arcroleURI="http://xbrl.org/int/dim/arcrole/dimension-default" />
  <arcroleRef xlink:type="simple" xlink:href="http://www.xbrl.org/2005/xbrldt-2005.xsd#dimension-domain" arcroleURI="http://xbrl.org/int/dim/arcrole/dimension-domain" />
  <arcroleRef xlink:type="simple" xlink:href="http://www.xbrl.org/2005/xbrldt-2005.xsd#domain-member" arcroleURI="http://xbrl.org/int/dim/arcrole/domain-member" />
  <arcroleRef xlink:type="simple" xlink:href="http://www.xbrl.org/2005/xbrldt-2005.xsd#hypercube-dimension" arcroleURI="http://xbrl.org/int/dim/arcrole/hypercube-dimension" />
  <definitionLink xlink:role="http://www.tibco.com/taxonomy/role/StatementConsolidatedStatementsOfEquityAndComprehensiveIncomeLoss" xlink:type="extended" xlink:title="00300 - Statement - CONSOLIDATED STATEMENTS OF EQUITY AND COMPREHENSIVE INCOME (LOSS)">
    <loc xlink:type="locator" xlink:href="http://taxonomies.xbrl.us/us-gaap/2009/elts/us-gaap-2009-01-31.xsd#us-gaap_StatementTable" xlink:label="us-gaap_StatementTable" />
    <loc xlink:type="locator" xlink:href="http://taxonomies.xbrl.us/us-gaap/2009/elts/us-gaap-2009-01-31.xsd#us-gaap_StatementEquityComponentsAxis" xlink:label="us-gaap_StatementEquityComponentsAxis" />
    <definitionArc xlink:type="arc" xlink:arcrole="http://xbrl.org/int/dim/arcrole/hypercube-dimension" order="1" xlink:from="us-gaap_StatementTable" xlink:to="us-gaap_StatementEquityComponentsAxis" use="optional" />
    <loc xlink:type="locator" xlink:href="http://taxonomies.xbrl.us/us-gaap/2009/elts/us-gaap-2009-01-31.xsd#us-gaap_EquityComponentDomain" xlink:label="us-gaap_EquityComponentDomain" />
    <definitionArc xlink:type="arc" xlink:arcrole="http://xbrl.org/int/dim/arcrole/dimension-domain" order="1" xlink:from="us-gaap_StatementEquityComponentsAxis" xlink:to="us-gaap_EquityComponentDomain" use="optional" />
    <loc xlink:type="locator" xlink:href="http://taxonomies.xbrl.us/us-gaap/2009/elts/us-gaap-2009-01-31.xsd#us-gaap_EquityComponentDomain" xlink:label="us-gaap_EquityComponentDomain_634317515074118110" />
    <definitionArc xlink:type="arc" xlink:arcrole="http://xbrl.org/int/dim/arcrole/dimension-default" order="1" xlink:from="us-gaap_StatementEquityComponentsAxis" xlink:to="us-gaap_EquityComponentDomain_634317515074118110" use="optional" />
    <loc xlink:type="locator" xlink:href="http://taxonomies.xbrl.us/us-gaap/2009/elts/us-gaap-2009-01-31.xsd#us-gaap_CommonStockMember" xlink:label="us-gaap_CommonStockMember" />
    <definitionArc xlink:type="arc" xlink:arcrole="http://xbrl.org/int/dim/arcrole/domain-member" order="1" xlink:from="us-gaap_EquityComponentDomain" xlink:to="us-gaap_CommonStockMember" use="optional" />
    <loc xlink:type="locator" xlink:href="http://taxonomies.xbrl.us/us-gaap/2009/elts/us-gaap-2009-01-31.xsd#us-gaap_AdditionalPaidInCapitalMember" xlink:label="us-gaap_AdditionalPaidInCapitalMember" />
    <definitionArc xlink:type="arc" xlink:arcrole="http://xbrl.org/int/dim/arcrole/domain-member" order="2" xlink:from="us-gaap_EquityComponentDomain" xlink:to="us-gaap_AdditionalPaidInCapitalMember" use="optional" />
    <loc xlink:type="locator" xlink:href="http://taxonomies.xbrl.us/us-gaap/2009/elts/us-gaap-2009-01-31.xsd#us-gaap_AccumulatedOtherComprehensiveIncomeMember" xlink:label="us-gaap_AccumulatedOtherComprehensiveIncomeMember" />
    <definitionArc xlink:type="arc" xlink:arcrole="http://xbrl.org/int/dim/arcrole/domain-member" order="3" xlink:from="us-gaap_EquityComponentDomain" xlink:to="us-gaap_AccumulatedOtherComprehensiveIncomeMember" use="optional" />
    <loc xlink:type="locator" xlink:href="http://taxonomies.xbrl.us/us-gaap/2009/elts/us-gaap-2009-01-31.xsd#us-gaap_RetainedEarningsMember" xlink:label="us-gaap_RetainedEarningsMember" />
    <definitionArc xlink:type="arc" xlink:arcrole="http://xbrl.org/int/dim/arcrole/domain-member" order="4" xlink:from="us-gaap_EquityComponentDomain" xlink:to="us-gaap_RetainedEarningsMember" use="optional" />
    <loc xlink:type="locator" xlink:href="http://taxonomies.xbrl.us/us-gaap/2009/elts/us-gaap-2009-01-31.xsd#us-gaap_ParentMember" xlink:label="us-gaap_ParentMember" />
    <definitionArc xlink:type="arc" xlink:arcrole="http://xbrl.org/int/dim/arcrole/domain-member" order="5" xlink:from="us-gaap_EquityComponentDomain" xlink:to="us-gaap_ParentMember" use="optional" />
    <loc xlink:type="locator" xlink:href="http://taxonomies.xbrl.us/us-gaap/2009/elts/us-gaap-2009-01-31.xsd#us-gaap_NoncontrollingInterestMember" xlink:label="us-gaap_NoncontrollingInterestMember" />
    <definitionArc xlink:type="arc" xlink:arcrole="http://xbrl.org/int/dim/arcrole/domain-member" order="6" xlink:from="us-gaap_EquityComponentDomain" xlink:to="us-gaap_NoncontrollingInterestMember" use="optional" />
    <loc xlink:type="locator" xlink:href="http://taxonomies.xbrl.us/us-gaap/2009/elts/us-gaap-2009-01-31.xsd#us-gaap_StatementLineItems" xlink:label="us-gaap_StatementLineItems" />
    <definitionArc xlink:type="arc" xlink:arcrole="http://xbrl.org/int/dim/arcrole/all" order="1" xlink:from="us-gaap_StatementLineItems" xlink:to="us-gaap_StatementTable" use="optional" xbrldt:contextElement="segment" xbrldt:closed="true" />
    <loc xlink:type="locator" xlink:href="http://taxonomies.xbrl.us/us-gaap/2009/elts/us-gaap-2009-01-31.xsd#us-gaap_ComprehensiveIncomeNetOfTaxIncludingPortionAttributableToNoncontrollingInterestAbstract" xlink:label="us-gaap_ComprehensiveIncomeNetOfTaxIncludingPortionAttributableToNoncontrollingInterestAbstract" />
    <definitionArc xlink:type="arc" xlink:arcrole="http://xbrl.org/int/dim/arcrole/domain-member" order="2" xlink:from="us-gaap_StatementLineItems" xlink:to="us-gaap_ComprehensiveIncomeNetOfTaxIncludingPortionAttributableToNoncontrollingInterestAbstract" priority="1" use="optional" />
    <loc xlink:type="locator" xlink:href="http://taxonomies.xbrl.us/us-gaap/2009/elts/us-gaap-2009-01-31.xsd#us-gaap_StockholdersEquityIncludingPortionAttributableToNoncontrollingInterest" xlink:label="us-gaap_StockholdersEquityIncludingPortionAttributableToNoncontrollingInterest" />
    <definitionArc xlink:type="arc" xlink:arcrole="http://xbrl.org/int/dim/arcrole/domain-member" order="1" xlink:from="us-gaap_ComprehensiveIncomeNetOfTaxIncludingPortionAttributableToNoncontrollingInterestAbstract" xlink:to="us-gaap_StockholdersEquityIncludingPortionAttributableToNoncontrollingInterest" priority="1" use="optional" />
    <loc xlink:type="locator" xlink:href="http://taxonomies.xbrl.us/us-gaap/2009/elts/us-gaap-2009-01-31.xsd#us-gaap_CommonStockSharesOutstanding" xlink:label="us-gaap_CommonStockSharesOutstanding" />
    <definitionArc xlink:type="arc" xlink:arcrole="http://xbrl.org/int/dim/arcrole/domain-member" order="2" xlink:from="us-gaap_ComprehensiveIncomeNetOfTaxIncludingPortionAttributableToNoncontrollingInterestAbstract" xlink:to="us-gaap_CommonStockSharesOutstanding" priority="1" use="optional" />
    <loc xlink:type="locator" xlink:href="http://taxonomies.xbrl.us/us-gaap/2009/elts/us-gaap-2009-01-31.xsd#us-gaap_ProfitLoss" xlink:label="us-gaap_ProfitLoss" />
    <definitionArc xlink:type="arc" xlink:arcrole="http://xbrl.org/int/dim/arcrole/domain-member" order="3" xlink:from="us-gaap_ComprehensiveIncomeNetOfTaxIncludingPortionAttributableToNoncontrollingInterestAbstract" xlink:to="us-gaap_ProfitLoss" priority="1" use="optional" />
    <loc xlink:type="locator" xlink:href="http://taxonomies.xbrl.us/us-gaap/2009/elts/us-gaap-2009-01-31.xsd#us-gaap_OtherComprehensiveIncomeForeignCurrencyTransactionAndTranslationGainLossArisingDuringPeriodNetOfTax" xlink:label="us-gaap_OtherComprehensiveIncomeForeignCurrencyTransactionAndTranslationGainLossArisingDuringPeriodNetOfTax" />
    <definitionArc xlink:type="arc" xlink:arcrole="http://xbrl.org/int/dim/arcrole/domain-member" order="4" xlink:from="us-gaap_ComprehensiveIncomeNetOfTaxIncludingPortionAttributableToNoncontrollingInterestAbstract" xlink:to="us-gaap_OtherComprehensiveIncomeForeignCurrencyTransactionAndTranslationGainLossArisingDuringPeriodNetOfTax" priority="1" use="optional" />
    <loc xlink:type="locator" xlink:href="http://taxonomies.xbrl.us/us-gaap/2009/elts/us-gaap-2009-01-31.xsd#us-gaap_OtherComprehensiveIncomeUnrealizedHoldingGainLossOnSecuritiesArisingDuringPeriodBeforeTax" xlink:label="us-gaap_OtherComprehensiveIncomeUnrealizedHoldingGainLossOnSecuritiesArisingDuringPeriodBeforeTax" />
    <definitionArc xlink:type="arc" xlink:arcrole="http://xbrl.org/int/dim/arcrole/domain-member" order="5" xlink:from="us-gaap_ComprehensiveIncomeNetOfTaxIncludingPortionAttributableToNoncontrollingInterestAbstract" xlink:to="us-gaap_OtherComprehensiveIncomeUnrealizedHoldingGainLossOnSecuritiesArisingDuringPeriodBeforeTax" priority="1" use="optional" />
    <loc xlink:type="locator" xlink:href="http://taxonomies.xbrl.us/us-gaap/2009/elts/us-gaap-2009-01-31.xsd#us-gaap_ComprehensiveIncomeNetOfTaxIncludingPortionAttributableToNoncontrollingInterest" xlink:label="us-gaap_ComprehensiveIncomeNetOfTaxIncludingPortionAttributableToNoncontrollingInterest" />
    <definitionArc xlink:type="arc" xlink:arcrole="http://xbrl.org/int/dim/arcrole/domain-member" order="6" xlink:from="us-gaap_ComprehensiveIncomeNetOfTaxIncludingPortionAttributableToNoncontrollingInterestAbstract" xlink:to="us-gaap_ComprehensiveIncomeNetOfTaxIncludingPortionAttributableToNoncontrollingInterest" priority="1" use="optional" />
    <loc xlink:type="locator" xlink:href="http://taxonomies.xbrl.us/us-gaap/2009/elts/us-gaap-2009-01-31.xsd#us-gaap_CumulativeEffectOfInitialAdoptionOfFIN48" xlink:label="us-gaap_CumulativeEffectOfInitialAdoptionOfFIN48" />
    <definitionArc xlink:type="arc" xlink:arcrole="http://xbrl.org/int/dim/arcrole/domain-member" order="7" xlink:from="us-gaap_ComprehensiveIncomeNetOfTaxIncludingPortionAttributableToNoncontrollingInterestAbstract" xlink:to="us-gaap_CumulativeEffectOfInitialAdoptionOfFIN48" priority="1" use="optional" />
    <loc xlink:type="locator" xlink:href="http://taxonomies.xbrl.us/us-gaap/2009/elts/us-gaap-2009-01-31.xsd#us-gaap_StockRepurchasedAndRetiredDuringPeriodValue" xlink:label="us-gaap_StockRepurchasedAndRetiredDuringPeriodValue" />
    <definitionArc xlink:type="arc" xlink:arcrole="http://xbrl.org/int/dim/arcrole/domain-member" order="8" xlink:from="us-gaap_ComprehensiveIncomeNetOfTaxIncludingPortionAttributableToNoncontrollingInterestAbstract" xlink:to="us-gaap_StockRepurchasedAndRetiredDuringPeriodValue" priority="1" use="optional" />
    <loc xlink:type="locator" xlink:href="http://taxonomies.xbrl.us/us-gaap/2009/elts/us-gaap-2009-01-31.xsd#us-gaap_StockRepurchasedAndRetiredDuringPeriodShares" xlink:label="us-gaap_StockRepurchasedAndRetiredDuringPeriodShares" />
    <definitionArc xlink:type="arc" xlink:arcrole="http://xbrl.org/int/dim/arcrole/domain-member" order="9" xlink:from="us-gaap_ComprehensiveIncomeNetOfTaxIncludingPortionAttributableToNoncontrollingInterestAbstract" xlink:to="us-gaap_StockRepurchasedAndRetiredDuringPeriodShares" priority="1" use="optional" />
    <loc xlink:type="locator" xlink:href="http://taxonomies.xbrl.us/us-gaap/2009/elts/us-gaap-2009-01-31.xsd#us-gaap_StockIssuedDuringPeriodValueStockOptionsExercised" xlink:label="us-gaap_StockIssuedDuringPeriodValueStockOptionsExercised" />
    <definitionArc xlink:type="arc" xlink:arcrole="http://xbrl.org/int/dim/arcrole/domain-member" order="10" xlink:from="us-gaap_ComprehensiveIncomeNetOfTaxIncludingPortionAttributableToNoncontrollingInterestAbstract" xlink:to="us-gaap_StockIssuedDuringPeriodValueStockOptionsExercised" priority="1" use="optional" />
    <loc xlink:type="locator" xlink:href="http://taxonomies.xbrl.us/us-gaap/2009/elts/us-gaap-2009-01-31.xsd#us-gaap_StockIssuedDuringPeriodSharesStockOptionsExercised" xlink:label="us-gaap_StockIssuedDuringPeriodSharesStockOptionsExercised" />
    <definitionArc xlink:type="arc" xlink:arcrole="http://xbrl.org/int/dim/arcrole/domain-member" order="11" xlink:from="us-gaap_ComprehensiveIncomeNetOfTaxIncludingPortionAttributableToNoncontrollingInterestAbstract" xlink:to="us-gaap_StockIssuedDuringPeriodSharesStockOptionsExercised" priority="1" use="optional" />
    <loc xlink:type="locator" xlink:href="http://taxonomies.xbrl.us/us-gaap/2009/elts/us-gaap-2009-01-31.xsd#us-gaap_StockIssuedDuringPeriodValueEmployeeStockPurchasePlan" xlink:label="us-gaap_StockIssuedDuringPeriodValueEmployeeStockPurchasePlan" />
    <definitionArc xlink:type="arc" xlink:arcrole="http://xbrl.org/int/dim/arcrole/domain-member" order="12" xlink:from="us-gaap_ComprehensiveIncomeNetOfTaxIncludingPortionAttributableToNoncontrollingInterestAbstract" xlink:to="us-gaap_StockIssuedDuringPeriodValueEmployeeStockPurchasePlan" priority="1" use="optional" />
    <loc xlink:type="locator" xlink:href="http://taxonomies.xbrl.us/us-gaap/2009/elts/us-gaap-2009-01-31.xsd#us-gaap_StockIssuedDuringPeriodSharesEmployeeStockPurchasePlans" xlink:label="us-gaap_StockIssuedDuringPeriodSharesEmployeeStockPurchasePlans" />
    <definitionArc xlink:type="arc" xlink:arcrole="http://xbrl.org/int/dim/arcrole/domain-member" order="13" xlink:from="us-gaap_ComprehensiveIncomeNetOfTaxIncludingPortionAttributableToNoncontrollingInterestAbstract" xlink:to="us-gaap_StockIssuedDuringPeriodSharesEmployeeStockPurchasePlans" priority="1" use="optional" />
    <loc xlink:type="locator" xlink:href="http://taxonomies.xbrl.us/us-gaap/2009/elts/us-gaap-2009-01-31.xsd#us-gaap_AdjustmentsToAdditionalPaidInCapitalTaxEffectFromShareBasedCompensation" xlink:label="us-gaap_AdjustmentsToAdditionalPaidInCapitalTaxEffectFromShareBasedCompensation" />
    <definitionArc xlink:type="arc" xlink:arcrole="http://xbrl.org/int/dim/arcrole/domain-member" order="14" xlink:from="us-gaap_ComprehensiveIncomeNetOfTaxIncludingPortionAttributableToNoncontrollingInterestAbstract" xlink:to="us-gaap_AdjustmentsToAdditionalPaidInCapitalTaxEffectFromShareBasedCompensation" priority="1" use="optional" />
    <loc xlink:type="locator" xlink:href="http://taxonomies.xbrl.us/us-gaap/2009/elts/us-gaap-2009-01-31.xsd#us-gaap_AdjustmentsToAdditionalPaidInCapitalSharebasedCompensationRequisiteServicePeriodRecognitionValue" xlink:label="us-gaap_AdjustmentsToAdditionalPaidInCapitalSharebasedCompensationRequisiteServicePeriodRecognitionValue" />
    <definitionArc xlink:type="arc" xlink:arcrole="http://xbrl.org/int/dim/arcrole/domain-member" order="15" xlink:from="us-gaap_ComprehensiveIncomeNetOfTaxIncludingPortionAttributableToNoncontrollingInterestAbstract" xlink:to="us-gaap_AdjustmentsToAdditionalPaidInCapitalSharebasedCompensationRequisiteServicePeriodRecognitionValue" priority="1" use="optional" />
    <loc xlink:type="locator" xlink:href="tibx-20101130.xsd#tibx_StockOptionsAssumedDuringAcquisition" xlink:label="tibx_StockOptionsAssumedDuringAcquisition" />
    <definitionArc xlink:type="arc" xlink:arcrole="http://xbrl.org/int/dim/arcrole/domain-member" order="16" xlink:from="us-gaap_ComprehensiveIncomeNetOfTaxIncludingPortionAttributableToNoncontrollingInterestAbstract" xlink:to="tibx_StockOptionsAssumedDuringAcquisition" priority="1" use="optional" />
    <loc xlink:type="locator" xlink:href="tibx-20101130.xsd#tibx_RestrictedStockWithholdingTaxesNetSettlementValue" xlink:label="tibx_RestrictedStockWithholdingTaxesNetSettlementValue" />
    <definitionArc xlink:type="arc" xlink:arcrole="http://xbrl.org/int/dim/arcrole/domain-member" order="17" xlink:from="us-gaap_ComprehensiveIncomeNetOfTaxIncludingPortionAttributableToNoncontrollingInterestAbstract" xlink:to="tibx_RestrictedStockWithholdingTaxesNetSettlementValue" priority="1" use="optional" />
    <loc xlink:type="locator" xlink:href="tibx-20101130.xsd#tibx_RestrictedStockWithholdingTaxesNetSettlementShares" xlink:label="tibx_RestrictedStockWithholdingTaxesNetSettlementShares" />
    <definitionArc xlink:type="arc" xlink:arcrole="http://xbrl.org/int/dim/arcrole/domain-member" order="18" xlink:from="us-gaap_ComprehensiveIncomeNetOfTaxIncludingPortionAttributableToNoncontrollingInterestAbstract" xlink:to="tibx_RestrictedStockWithholdingTaxesNetSettlementShares" priority="1" use="optional" />
    <loc xlink:type="locator" xlink:href="http://taxonomies.xbrl.us/us-gaap/2009/elts/us-gaap-2009-01-31.xsd#us-gaap_StockIssuedDuringPeriodValueRestrictedStockAwardNetOfForfeitures" xlink:label="us-gaap_StockIssuedDuringPeriodValueRestrictedStockAwardNetOfForfeitures" />
    <definitionArc xlink:type="arc" xlink:arcrole="http://xbrl.org/int/dim/arcrole/domain-member" order="19" xlink:from="us-gaap_ComprehensiveIncomeNetOfTaxIncludingPortionAttributableToNoncontrollingInterestAbstract" xlink:to="us-gaap_StockIssuedDuringPeriodValueRestrictedStockAwardNetOfForfeitures" priority="1" use="optional" />
    <loc xlink:type="locator" xlink:href="http://taxonomies.xbrl.us/us-gaap/2009/elts/us-gaap-2009-01-31.xsd#us-gaap_StockIssuedDuringPeriodSharesRestrictedStockAwardNetOfForfeitures" xlink:label="us-gaap_StockIssuedDuringPeriodSharesRestrictedStockAwardNetOfForfeitures" />
    <definitionArc xlink:type="arc" xlink:arcrole="http://xbrl.org/int/dim/arcrole/domain-member" order="20" xlink:from="us-gaap_ComprehensiveIncomeNetOfTaxIncludingPortionAttributableToNoncontrollingInterestAbstract" xlink:to="us-gaap_StockIssuedDuringPeriodSharesRestrictedStockAwardNetOfForfeitures" priority="1" use="optional" />
  </definitionLink>
</linkbase>
