<DefinitionAndReference>
  <Element Id="us-gaap_RestructuringCosts">
    <definition>No authoritative reference available.</definition>
    <reference>No authoritative reference available.</reference>
  </Element>
  <Element Id="dei_EntityCommonStockSharesOutstanding">
    <definition>No authoritative reference available.</definition>
    <reference>No authoritative reference available.</reference>
  </Element>
  <Element Id="us-gaap_ProceedsFromIssuanceOfSharesUnderIncentiveAndShareBasedCompensationPlans">
    <definition>No authoritative reference available.</definition>
    <reference>No authoritative reference available.</reference>
  </Element>
  <Element Id="us-gaap_InterestPaid">
    <definition>No authoritative reference available.</definition>
    <reference>No authoritative reference available.</reference>
  </Element>
  <Element Id="wdc_SupplementalFinancialStatementDataTextBlock">
    <definition>Supplemental Financial Statement Data.</definition>
    <reference>No authoritative reference available.</reference>
  </Element>
  <Element Id="us-gaap_IncomeTaxesPaid">
    <definition>No authoritative reference available.</definition>
    <reference>No authoritative reference available.</reference>
  </Element>
  <Element Id="us-gaap_LiabilitiesAndStockholdersEquity">
    <definition>No authoritative reference available.</definition>
    <reference>No authoritative reference available.</reference>
  </Element>
  <Element Id="dei_EntityPublicFloat">
    <definition>No authoritative reference available.</definition>
    <reference>No authoritative reference available.</reference>
  </Element>
  <Element Id="us-gaap_NetCashProvidedByUsedInFinancingActivities">
    <definition>No authoritative reference available.</definition>
    <reference>No authoritative reference available.</reference>
  </Element>
  <Element Id="us-gaap_OrganizationConsolidationAndPresentationOfFinancialStatementsDisclosureTextBlock">
    <definition>No authoritative reference available.</definition>
    <reference>No authoritative reference available.</reference>
  </Element>
  <Element Id="us-gaap_CostOfGoodsSold">
    <definition>No authoritative reference available.</definition>
    <reference>No authoritative reference available.</reference>
  </Element>
  <Element Id="wdc_PreferredStockValues">
    <definition>Dollar value of issued nonredeemable preferred stock (or preferred stock redeemable solely at the option of the issuer) whether issued at par value, no par or stated value. Note: elements for number of nonredeemable preferred shares, par value and other disclosure concepts are in another section within stockholders' equity.</definition>
    <reference>No authoritative reference available.</reference>
  </Element>
  <Element Id="us-gaap_CommonStockSharesOutstanding">
    <definition>No authoritative reference available.</definition>
    <reference>No authoritative reference available.</reference>
  </Element>
  <Element Id="us-gaap_IncomeLossFromContinuingOperationsBeforeIncomeTaxesMinorityInterestAndIncomeLossFromEquityMethodInvestments">
    <definition>No authoritative reference available.</definition>
    <reference>No authoritative reference available.</reference>
  </Element>
  <Element Id="us-gaap_LiabilitiesCurrent">
    <definition>No authoritative reference available.</definition>
    <reference>No authoritative reference available.</reference>
  </Element>
  <Element Id="us-gaap_PreferredStockSharesOutstanding">
    <definition>No authoritative reference available.</definition>
    <reference>No authoritative reference available.</reference>
  </Element>
  <Element Id="wdc_CommonStockValues">
    <definition>Dollar value of issued common stock whether issued at par value, no par or stated value. Note: elements for number of common shares, par value and other disclosure concepts are in another section within stockholders' equity.</definition>
    <reference>No authoritative reference available.</reference>
  </Element>
  <Element Id="us-gaap_AccumulatedOtherComprehensiveIncomeLossNetOfTax">
    <definition>No authoritative reference available.</definition>
    <reference>No authoritative reference available.</reference>
  </Element>
  <Element Id="dei_EntityRegistrantName">
    <definition>No authoritative reference available.</definition>
    <reference>No authoritative reference available.</reference>
  </Element>
  <Element Id="us-gaap_DeferredIncomeTaxExpenseBenefit">
    <definition>No authoritative reference available.</definition>
    <reference>No authoritative reference available.</reference>
  </Element>
  <Element Id="dei_EntityCentralIndexKey">
    <definition>No authoritative reference available.</definition>
    <reference>No authoritative reference available.</reference>
  </Element>
  <Element Id="us-gaap_RepaymentsOfLongTermDebt">
    <definition>No authoritative reference available.</definition>
    <reference>No authoritative reference available.</reference>
  </Element>
  <Element Id="dei_EntityWellKnownSeasonedIssuer">
    <definition>No authoritative reference available.</definition>
    <reference>No authoritative reference available.</reference>
  </Element>
  <Element Id="us-gaap_NetIncomeLoss">
    <definition>No authoritative reference available.</definition>
    <reference>No authoritative reference available.</reference>
  </Element>
  <Element Id="us-gaap_DepreciationAndAmortization">
    <definition>No authoritative reference available.</definition>
    <reference>No authoritative reference available.</reference>
  </Element>
  <Element Id="us-gaap_ScheduleOfNewAccountingPronouncementsAndChangesInAccountingPrinciplesTextBlock">
    <definition>No authoritative reference available.</definition>
    <reference>No authoritative reference available.</reference>
  </Element>
  <Element Id="us-gaap_IncreaseDecreaseInAccountsPayableTrade">
    <definition>No authoritative reference available.</definition>
    <reference>No authoritative reference available.</reference>
  </Element>
  <Element Id="us-gaap_GrossProfit">
    <definition>No authoritative reference available.</definition>
    <reference>No authoritative reference available.</reference>
  </Element>
  <Element Id="us-gaap_StockholdersEquity">
    <definition>No authoritative reference available.</definition>
    <reference>No authoritative reference available.</reference>
  </Element>
  <Element Id="us-gaap_IncreaseDecreaseInInventories">
    <definition>No authoritative reference available.</definition>
    <reference>No authoritative reference available.</reference>
  </Element>
  <Element Id="dei_EntityVoluntaryFilers">
    <definition>No authoritative reference available.</definition>
    <reference>No authoritative reference available.</reference>
  </Element>
  <Element Id="us-gaap_PreferredStockParOrStatedValuePerShare">
    <definition>No authoritative reference available.</definition>
    <reference>No authoritative reference available.</reference>
  </Element>
  <Element Id="us-gaap_CashAndCashEquivalentsAtCarryingValue">
    <definition>No authoritative reference available.</definition>
    <reference>No authoritative reference available.</reference>
  </Element>
  <Element Id="us-gaap_IncomeTaxDisclosureTextBlock">
    <definition>No authoritative reference available.</definition>
    <reference>No authoritative reference available.</reference>
  </Element>
  <Element Id="wdc_LossOnInvestments">
    <definition>The difference between the carrying value and the sale price of debt securities includes other than temporary impairment on auction-rate securities. This element refers to the gain (loss) included in earnings and not to the cash proceeds of the sale.</definition>
    <reference>No authoritative reference available.</reference>
  </Element>
  <Element Id="wdc_SellingGeneralAndAdministrativeExpenseOperatingExpenses">
    <definition>The aggregate total costs related to selling a firm's product and services, as well as all other general and administrative expenses. Direct selling expenses (for example, credit and advertising) are expenses that can be directly linked to the sale of specific products. Indirect selling expenses are expenses that cannot be directly linked to the sale of specific products, for example telephone expenses, Internet, and postal charges. General and administrative expenses include salaries of non-sales personnel, rent, utilities, communication, etc.</definition>
    <reference>No authoritative reference available.</reference>
  </Element>
  <Element Id="us-gaap_WeightedAverageNumberOfSharesOutstandingBasic">
    <definition>No authoritative reference available.</definition>
    <reference>No authoritative reference available.</reference>
  </Element>
  <Element Id="us-gaap_EarningsPerShareBasic">
    <definition>No authoritative reference available.</definition>
    <reference>No authoritative reference available.</reference>
  </Element>
  <Element Id="us-gaap_OperatingExpenses">
    <definition>No authoritative reference available.</definition>
    <reference>No authoritative reference available.</reference>
  </Element>
  <Element Id="us-gaap_LongTermDebtNoncurrent">
    <definition>No authoritative reference available.</definition>
    <reference>No authoritative reference available.</reference>
  </Element>
  <Element Id="us-gaap_Liabilities">
    <definition>No authoritative reference available.</definition>
    <reference>No authoritative reference available.</reference>
  </Element>
  <Element Id="us-gaap_NetCashProvidedByUsedInOperatingActivities">
    <definition>No authoritative reference available.</definition>
    <reference>No authoritative reference available.</reference>
  </Element>
  <Element Id="us-gaap_AdditionalPaidInCapital">
    <definition>No authoritative reference available.</definition>
    <reference>No authoritative reference available.</reference>
  </Element>
  <Element Id="us-gaap_CommonStockSharesAuthorized">
    <definition>No authoritative reference available.</definition>
    <reference>No authoritative reference available.</reference>
  </Element>
  <Element Id="us-gaap_PaymentsForProceedsFromInvestments">
    <definition>No authoritative reference available.</definition>
    <reference>No authoritative reference available.</reference>
  </Element>
  <Element Id="us-gaap_EarningsPerShareDiluted">
    <definition>No authoritative reference available.</definition>
    <reference>No authoritative reference available.</reference>
  </Element>
  <Element Id="us-gaap_PreferredStockSharesAuthorized">
    <definition>No authoritative reference available.</definition>
    <reference>No authoritative reference available.</reference>
  </Element>
  <Element Id="wdc_AccruedWarranty">
    <definition>The carrying value as of the balance sheet date for estimated warranty costs</definition>
    <reference>No authoritative reference available.</reference>
  </Element>
  <Element Id="us-gaap_IncreaseDecreaseInOtherOperatingCapitalNet">
    <definition>No authoritative reference available.</definition>
    <reference>No authoritative reference available.</reference>
  </Element>
  <Element Id="us-gaap_RestructuringCharges">
    <definition>No authoritative reference available.</definition>
    <reference>No authoritative reference available.</reference>
  </Element>
  <Element Id="us-gaap_ForeignCurrencyDisclosureTextBlock">
    <definition>No authoritative reference available.</definition>
    <reference>No authoritative reference available.</reference>
  </Element>
  <Element Id="us-gaap_CashAndCashEquivalentsPeriodIncreaseDecrease">
    <definition>No authoritative reference available.</definition>
    <reference>No authoritative reference available.</reference>
  </Element>
  <Element Id="us-gaap_RetainedEarningsAccumulatedDeficit">
    <definition>No authoritative reference available.</definition>
    <reference>No authoritative reference available.</reference>
  </Element>
  <Element Id="us-gaap_ShareBasedCompensation">
    <definition>No authoritative reference available.</definition>
    <reference>No authoritative reference available.</reference>
  </Element>
  <Element Id="us-gaap_AccountsReceivableNetCurrent">
    <definition>No authoritative reference available.</definition>
    <reference>No authoritative reference available.</reference>
  </Element>
  <Element Id="us-gaap_InvestmentIncomeInterest">
    <definition>No authoritative reference available.</definition>
    <reference>No authoritative reference available.</reference>
  </Element>
  <Element Id="us-gaap_SalesRevenueGoodsNet">
    <definition>No authoritative reference available.</definition>
    <reference>No authoritative reference available.</reference>
  </Element>
  <Element Id="us-gaap_LongTermDebtCurrent">
    <definition>No authoritative reference available.</definition>
    <reference>No authoritative reference available.</reference>
  </Element>
  <Element Id="dei_AmendmentFlag">
    <definition>No authoritative reference available.</definition>
    <reference>No authoritative reference available.</reference>
  </Element>
  <Element Id="us-gaap_AccountsPayableCurrent">
    <definition>No authoritative reference available.</definition>
    <reference>No authoritative reference available.</reference>
  </Element>
  <Element Id="dei_EntityFilerCategory">
    <definition>No authoritative reference available.</definition>
    <reference>No authoritative reference available.</reference>
  </Element>
  <Element Id="dei_CurrentFiscalYearEndDate">
    <definition>No authoritative reference available.</definition>
    <reference>No authoritative reference available.</reference>
  </Element>
  <Element Id="us-gaap_ExcessTaxBenefitFromShareBasedCompensationFinancingActivities">
    <definition>No authoritative reference available.</definition>
    <reference>No authoritative reference available.</reference>
  </Element>
  <Element Id="us-gaap_OperatingIncomeLoss">
    <definition>No authoritative reference available.</definition>
    <reference>No authoritative reference available.</reference>
  </Element>
  <Element Id="us-gaap_PaymentsToAcquireProductiveAssets">
    <definition>No authoritative reference available.</definition>
    <reference>No authoritative reference available.</reference>
  </Element>
  <Element Id="us-gaap_AccruedLiabilitiesCurrent">
    <definition>No authoritative reference available.</definition>
    <reference>No authoritative reference available.</reference>
  </Element>
  <Element Id="us-gaap_EarningsPerShareTextBlock">
    <definition>No authoritative reference available.</definition>
    <reference>No authoritative reference available.</reference>
  </Element>
  <Element Id="us-gaap_NetCashProvidedByUsedInInvestingActivities">
    <definition>No authoritative reference available.</definition>
    <reference>No authoritative reference available.</reference>
  </Element>
  <Element Id="us-gaap_NonoperatingIncomeExpense">
    <definition>No authoritative reference available.</definition>
    <reference>No authoritative reference available.</reference>
  </Element>
  <Element Id="us-gaap_Assets">
    <definition>No authoritative reference available.</definition>
    <reference>No authoritative reference available.</reference>
  </Element>
  <Element Id="us-gaap_PaymentsForRepurchaseOfCommonStock">
    <definition>No authoritative reference available.</definition>
    <reference>No authoritative reference available.</reference>
  </Element>
  <Element Id="dei_DocumentPeriodEndDate">
    <definition>No authoritative reference available.</definition>
    <reference>No authoritative reference available.</reference>
  </Element>
  <Element Id="dei_DocumentType">
    <definition>No authoritative reference available.</definition>
    <reference>No authoritative reference available.</reference>
  </Element>
  <Element Id="us-gaap_OtherAssetsNoncurrent">
    <definition>No authoritative reference available.</definition>
    <reference>No authoritative reference available.</reference>
  </Element>
  <Element Id="us-gaap_DebtDisclosureTextBlock">
    <definition>No authoritative reference available.</definition>
    <reference>No authoritative reference available.</reference>
  </Element>
  <Element Id="wdc_InterestAndOtherExpense">
    <definition>Expense for borrowed money and other non-operating activities.</definition>
    <reference>No authoritative reference available.</reference>
  </Element>
  <Element Id="us-gaap_OtherLiabilitiesNoncurrent">
    <definition>No authoritative reference available.</definition>
    <reference>No authoritative reference available.</reference>
  </Element>
  <Element Id="us-gaap_IncreaseDecreaseInAccountsReceivable">
    <definition>No authoritative reference available.</definition>
    <reference>No authoritative reference available.</reference>
  </Element>
  <Element Id="us-gaap_IncomeTaxExpenseBenefit">
    <definition>No authoritative reference available.</definition>
    <reference>No authoritative reference available.</reference>
  </Element>
  <Element Id="dei_EntityCurrentReportingStatus">
    <definition>No authoritative reference available.</definition>
    <reference>No authoritative reference available.</reference>
  </Element>
  <Element Id="wdc_IntangiblesNet">
    <definition>Net carrying amount after accumulated amortization as of the balance sheet date of intangible assets not otherwise specified in the taxonomy having a reasonably expected period of economic benefit.</definition>
    <reference>No authoritative reference available.</reference>
  </Element>
  <Element Id="us-gaap_InventoryNet">
    <definition>No authoritative reference available.</definition>
    <reference>No authoritative reference available.</reference>
  </Element>
  <Element Id="us-gaap_PropertyPlantAndEquipmentNet">
    <definition>No authoritative reference available.</definition>
    <reference>No authoritative reference available.</reference>
  </Element>
  <Element Id="us-gaap_AssetsCurrent">
    <definition>No authoritative reference available.</definition>
    <reference>No authoritative reference available.</reference>
  </Element>
  <Element Id="us-gaap_FairValueDisclosuresTextBlock">
    <definition>No authoritative reference available.</definition>
    <reference>No authoritative reference available.</reference>
  </Element>
  <Element Id="us-gaap_OtherAssetsCurrent">
    <definition>No authoritative reference available.</definition>
    <reference>No authoritative reference available.</reference>
  </Element>
  <Element Id="us-gaap_DisclosureOfCompensationRelatedCostsShareBasedPaymentsTextBlock">
    <definition>No authoritative reference available.</definition>
    <reference>No authoritative reference available.</reference>
  </Element>
  <Element Id="wdc_LegalProceedingsTextBlock">
    <definition>Legal Proceedings.</definition>
    <reference>No authoritative reference available.</reference>
  </Element>
  <Element Id="us-gaap_WeightedAverageNumberOfDilutedSharesOutstanding">
    <definition>No authoritative reference available.</definition>
    <reference>No authoritative reference available.</reference>
  </Element>
  <Element Id="us-gaap_ResearchAndDevelopmentExpenseExcludingAcquiredInProcessCost">
    <definition>No authoritative reference available.</definition>
    <reference>No authoritative reference available.</reference>
  </Element>
  <Element Id="us-gaap_CommitmentsAndContingencies2009">
    <definition>No authoritative reference available.</definition>
    <reference>No authoritative reference available.</reference>
  </Element>
  <Element Id="us-gaap_CommonStockParOrStatedValuePerShare">
    <definition>No authoritative reference available.</definition>
    <reference>No authoritative reference available.</reference>
  </Element>
  <Element Id="us-gaap_IncreaseDecreaseInAccruedLiabilities">
    <definition>No authoritative reference available.</definition>
    <reference>No authoritative reference available.</reference>
  </Element>
  <Element Id="wdc_TaxesPaidOnVestedStockAwardsUnderEmployeeStockPlans">
    <definition>Taxes paid on vested stock awards under employee stock plans.</definition>
    <reference>No authoritative reference available.</reference>
  </Element>
  <Element Id="us-gaap_Goodwill">
    <definition>No authoritative reference available.</definition>
    <reference>No authoritative reference available.</reference>
  </Element>
</DefinitionAndReference>
