<?xml version="1.0" encoding="us-ascii"?>
<!-- XBRL document created with XMark (C) by Bowne Inc. -->
<!--Based on XBRL 2.1-->
<!--Created on: 9/15/2008 11:43:53 AM-->
<!--Modified on: 1/29/2010 10:05:55 PM-->
<linkbase xmlns="http://www.xbrl.org/2003/linkbase" xmlns:xsi="http://www.w3.org/2001/XMLSchema-instance" xmlns:xlink="http://www.w3.org/1999/xlink" xsi:schemaLocation="http://www.xbrl.org/2003/linkbase http://www.xbrl.org/2003/xbrl-linkbase-2003-12-31.xsd">
  <roleRef xlink:type="simple" xlink:href="wdc-20100101.xsd#BalanceSheets" roleURI="http://westerndigital.com/role/BalanceSheets" />
  <roleRef xlink:type="simple" xlink:href="wdc-20100101.xsd#StatementsOfIncome" roleURI="http://westerndigital.com/role/StatementsOfIncome" />
  <roleRef xlink:type="simple" xlink:href="wdc-20100101.xsd#StatementsOfCashFlows" roleURI="http://westerndigital.com/role/StatementsOfCashFlows" />
  <roleRef xlink:type="simple" xlink:href="wdc-20100101.xsd#BalanceSheetsParenthetical" roleURI="http://westerndigital.com/role/BalanceSheetsParenthetical" />
  <roleRef xlink:type="simple" xlink:href="wdc-20100101.xsd#BasisOfPresentation" roleURI="http://westerndigital.com/role/BasisOfPresentation" />
  <roleRef xlink:type="simple" xlink:href="wdc-20100101.xsd#SupplementalFinancialStatementData" roleURI="http://westerndigital.com/role/SupplementalFinancialStatementData" />
  <roleRef xlink:type="simple" xlink:href="wdc-20100101.xsd#IncomePerCommonShare" roleURI="http://westerndigital.com/role/IncomePerCommonShare" />
  <roleRef xlink:type="simple" xlink:href="wdc-20100101.xsd#Debt" roleURI="http://westerndigital.com/role/Debt" />
  <roleRef xlink:type="simple" xlink:href="wdc-20100101.xsd#StockBasedCompensation" roleURI="http://westerndigital.com/role/StockBasedCompensation" />
  <roleRef xlink:type="simple" xlink:href="wdc-20100101.xsd#LegalProceedings" roleURI="http://westerndigital.com/role/LegalProceedings" />
  <roleRef xlink:type="simple" xlink:href="wdc-20100101.xsd#IncomeTaxes" roleURI="http://westerndigital.com/role/IncomeTaxes" />
  <roleRef xlink:type="simple" xlink:href="wdc-20100101.xsd#FairValueMeasurements" roleURI="http://westerndigital.com/role/FairValueMeasurements" />
  <roleRef xlink:type="simple" xlink:href="wdc-20100101.xsd#ForeignExchangeContracts" roleURI="http://westerndigital.com/role/ForeignExchangeContracts" />
  <roleRef xlink:type="simple" xlink:href="wdc-20100101.xsd#RecentAccountingPronouncements" roleURI="http://westerndigital.com/role/RecentAccountingPronouncements" />
  <roleRef xlink:type="simple" xlink:href="wdc-20100101.xsd#DocumentAndEntityInformation" roleURI="http://westerndigital.com/role/DocumentAndEntityInformation" />
  <calculationLink xlink:type="extended" xlink:role="http://westerndigital.com/role/BalanceSheets" xlink:title="01 - Statement - Condensed Consolidated Balance Sheets (Unaudited)">
    <loc xlink:type="locator" xlink:href="http://taxonomies.xbrl.us/us-gaap/2009/elts/us-gaap-2009-01-31.xsd#us-gaap_LiabilitiesAndStockholdersEquity" xlink:label="loc_LiabilitiesAndStockholdersEquity" />
    <loc xlink:type="locator" xlink:href="http://taxonomies.xbrl.us/us-gaap/2009/elts/us-gaap-2009-01-31.xsd#us-gaap_StockholdersEquity" xlink:label="loc_StockholdersEquity" />
    <calculationArc xlink:type="arc" xlink:arcrole="http://www.xbrl.org/2003/arcrole/summation-item" xlink:from="loc_LiabilitiesAndStockholdersEquity" xlink:to="loc_StockholdersEquity" order="40" use="optional" weight="1" />
    <loc xlink:type="locator" xlink:href="http://taxonomies.xbrl.us/us-gaap/2009/elts/us-gaap-2009-01-31.xsd#us-gaap_AccumulatedOtherComprehensiveIncomeLossNetOfTax" xlink:label="loc_AccumulatedOtherComprehensiveIncomeLossNetOfTax" />
    <calculationArc xlink:type="arc" xlink:arcrole="http://www.xbrl.org/2003/arcrole/summation-item" xlink:from="loc_StockholdersEquity" xlink:to="loc_AccumulatedOtherComprehensiveIncomeLossNetOfTax" order="100" use="optional" weight="1" />
    <loc xlink:type="locator" xlink:href="http://taxonomies.xbrl.us/us-gaap/2009/elts/us-gaap-2009-01-31.xsd#us-gaap_AdditionalPaidInCapital" xlink:label="loc_AdditionalPaidInCapital" />
    <calculationArc xlink:type="arc" xlink:arcrole="http://www.xbrl.org/2003/arcrole/summation-item" xlink:from="loc_StockholdersEquity" xlink:to="loc_AdditionalPaidInCapital" order="80" use="optional" weight="1" />
    <loc xlink:type="locator" xlink:href="http://taxonomies.xbrl.us/us-gaap/2009/elts/us-gaap-2009-01-31.xsd#us-gaap_Liabilities" xlink:label="loc_Liabilities" />
    <calculationArc xlink:type="arc" xlink:arcrole="http://www.xbrl.org/2003/arcrole/summation-item" xlink:from="loc_LiabilitiesAndStockholdersEquity" xlink:to="loc_Liabilities" order="20" use="optional" weight="1" />
    <loc xlink:type="locator" xlink:href="http://taxonomies.xbrl.us/us-gaap/2009/elts/us-gaap-2009-01-31.xsd#us-gaap_LiabilitiesCurrent" xlink:label="loc_LiabilitiesCurrent" />
    <calculationArc xlink:type="arc" xlink:arcrole="http://www.xbrl.org/2003/arcrole/summation-item" xlink:from="loc_Liabilities" xlink:to="loc_LiabilitiesCurrent" order="60" use="optional" weight="1" />
    <loc xlink:type="locator" xlink:href="http://taxonomies.xbrl.us/us-gaap/2009/elts/us-gaap-2009-01-31.xsd#us-gaap_LongTermDebtCurrent" xlink:label="loc_LongTermDebtCurrent" />
    <calculationArc xlink:type="arc" xlink:arcrole="http://www.xbrl.org/2003/arcrole/summation-item" xlink:from="loc_LiabilitiesCurrent" xlink:to="loc_LongTermDebtCurrent" order="80" use="optional" weight="1" />
    <loc xlink:type="locator" xlink:href="wdc-20100101.xsd#wdc_AccruedWarranty" xlink:label="wdc_AccruedWarranty" />
    <calculationArc xlink:type="arc" xlink:arcrole="http://www.xbrl.org/2003/arcrole/summation-item" xlink:from="loc_LiabilitiesCurrent" xlink:to="wdc_AccruedWarranty" order="60" use="optional" weight="1" priority="1" />
    <loc xlink:type="locator" xlink:href="http://taxonomies.xbrl.us/us-gaap/2009/elts/us-gaap-2009-01-31.xsd#us-gaap_OtherLiabilitiesNoncurrent" xlink:label="loc_OtherLiabilitiesNoncurrent" />
    <calculationArc xlink:type="arc" xlink:arcrole="http://www.xbrl.org/2003/arcrole/summation-item" xlink:from="loc_Liabilities" xlink:to="loc_OtherLiabilitiesNoncurrent" order="40" use="optional" weight="1" />
    <loc xlink:type="locator" xlink:href="http://taxonomies.xbrl.us/us-gaap/2009/elts/us-gaap-2009-01-31.xsd#us-gaap_LongTermDebtNoncurrent" xlink:label="loc_LongTermDebtNoncurrent" />
    <calculationArc xlink:type="arc" xlink:arcrole="http://www.xbrl.org/2003/arcrole/summation-item" xlink:from="loc_Liabilities" xlink:to="loc_LongTermDebtNoncurrent" order="20" use="optional" weight="1" />
    <loc xlink:type="locator" xlink:href="http://taxonomies.xbrl.us/us-gaap/2009/elts/us-gaap-2009-01-31.xsd#us-gaap_Assets" xlink:label="loc_Assets" />
    <loc xlink:type="locator" xlink:href="http://taxonomies.xbrl.us/us-gaap/2009/elts/us-gaap-2009-01-31.xsd#us-gaap_AssetsCurrent" xlink:label="loc_AssetsCurrent" />
    <calculationArc xlink:type="arc" xlink:arcrole="http://www.xbrl.org/2003/arcrole/summation-item" xlink:from="loc_Assets" xlink:to="loc_AssetsCurrent" order="100" use="optional" weight="1" />
    <loc xlink:type="locator" xlink:href="http://taxonomies.xbrl.us/us-gaap/2009/elts/us-gaap-2009-01-31.xsd#us-gaap_OtherAssetsCurrent" xlink:label="loc_OtherAssetsCurrent" />
    <calculationArc xlink:type="arc" xlink:arcrole="http://www.xbrl.org/2003/arcrole/summation-item" xlink:from="loc_AssetsCurrent" xlink:to="loc_OtherAssetsCurrent" order="80" use="optional" weight="1" />
    <loc xlink:type="locator" xlink:href="http://taxonomies.xbrl.us/us-gaap/2009/elts/us-gaap-2009-01-31.xsd#us-gaap_InventoryNet" xlink:label="loc_InventoryNet" />
    <calculationArc xlink:type="arc" xlink:arcrole="http://www.xbrl.org/2003/arcrole/summation-item" xlink:from="loc_AssetsCurrent" xlink:to="loc_InventoryNet" order="60" use="optional" weight="1" />
    <loc xlink:type="locator" xlink:href="http://taxonomies.xbrl.us/us-gaap/2009/elts/us-gaap-2009-01-31.xsd#us-gaap_AccountsReceivableNetCurrent" xlink:label="loc_AccountsReceivableNetCurrent" />
    <calculationArc xlink:type="arc" xlink:arcrole="http://www.xbrl.org/2003/arcrole/summation-item" xlink:from="loc_AssetsCurrent" xlink:to="loc_AccountsReceivableNetCurrent" order="40" use="optional" weight="1" />
    <loc xlink:type="locator" xlink:href="http://taxonomies.xbrl.us/us-gaap/2009/elts/us-gaap-2009-01-31.xsd#us-gaap_CashAndCashEquivalentsAtCarryingValue" xlink:label="loc_CashAndCashEquivalentsAtCarryingValue" />
    <calculationArc xlink:type="arc" xlink:arcrole="http://www.xbrl.org/2003/arcrole/summation-item" xlink:from="loc_AssetsCurrent" xlink:to="loc_CashAndCashEquivalentsAtCarryingValue" order="20" use="optional" weight="1" />
    <loc xlink:type="locator" xlink:href="http://taxonomies.xbrl.us/us-gaap/2009/elts/us-gaap-2009-01-31.xsd#us-gaap_OtherAssetsNoncurrent" xlink:label="loc_OtherAssetsNoncurrent" />
    <calculationArc xlink:type="arc" xlink:arcrole="http://www.xbrl.org/2003/arcrole/summation-item" xlink:from="loc_Assets" xlink:to="loc_OtherAssetsNoncurrent" order="80" use="optional" weight="1" />
    <loc xlink:type="locator" xlink:href="http://taxonomies.xbrl.us/us-gaap/2009/elts/us-gaap-2009-01-31.xsd#us-gaap_Goodwill" xlink:label="loc_Goodwill" />
    <calculationArc xlink:type="arc" xlink:arcrole="http://www.xbrl.org/2003/arcrole/summation-item" xlink:from="loc_Assets" xlink:to="loc_Goodwill" order="60" use="optional" weight="1" />
    <loc xlink:type="locator" xlink:href="http://taxonomies.xbrl.us/us-gaap/2009/elts/us-gaap-2009-01-31.xsd#us-gaap_PropertyPlantAndEquipmentNet" xlink:label="loc_PropertyPlantAndEquipmentNet" />
    <calculationArc xlink:type="arc" xlink:arcrole="http://www.xbrl.org/2003/arcrole/summation-item" xlink:from="loc_Assets" xlink:to="loc_PropertyPlantAndEquipmentNet" order="40" use="optional" weight="1" />
    <loc xlink:type="locator" xlink:href="http://taxonomies.xbrl.us/us-gaap/2009/elts/us-gaap-2009-01-31.xsd#us-gaap_RetainedEarningsAccumulatedDeficit" xlink:label="loc_RetainedEarningsAccumulatedDeficit" />
    <calculationArc xlink:type="arc" xlink:arcrole="http://www.xbrl.org/2003/arcrole/summation-item" xlink:from="loc_StockholdersEquity" xlink:to="loc_RetainedEarningsAccumulatedDeficit" order="60" use="optional" weight="1" priority="1" />
    <loc xlink:type="locator" xlink:href="http://taxonomies.xbrl.us/us-gaap/2009/elts/us-gaap-2009-01-31.xsd#us-gaap_AccountsPayableCurrent" xlink:label="loc_AccountsPayableCurrent" />
    <calculationArc xlink:type="arc" xlink:arcrole="http://www.xbrl.org/2003/arcrole/summation-item" xlink:from="loc_LiabilitiesCurrent" xlink:to="loc_AccountsPayableCurrent" order="40" use="optional" weight="1" />
    <loc xlink:type="locator" xlink:href="http://taxonomies.xbrl.us/us-gaap/2009/elts/us-gaap-2009-01-31.xsd#us-gaap_AccruedLiabilitiesCurrent" xlink:label="loc_AccruedLiabilitiesCurrent" />
    <calculationArc xlink:type="arc" xlink:arcrole="http://www.xbrl.org/2003/arcrole/summation-item" xlink:from="loc_LiabilitiesCurrent" xlink:to="loc_AccruedLiabilitiesCurrent" order="20" use="optional" weight="1" />
    <loc xlink:type="locator" xlink:href="wdc-20100101.xsd#wdc_IntangiblesNet" xlink:label="wdc_IntangiblesNet" />
    <calculationArc xlink:type="arc" xlink:arcrole="http://www.xbrl.org/2003/arcrole/summation-item" xlink:from="loc_Assets" xlink:to="wdc_IntangiblesNet" order="20" use="optional" weight="1" priority="1" />
    <loc xlink:type="locator" xlink:href="wdc-20100101.xsd#wdc_CommonStockValues" xlink:label="wdc_CommonStockValues" />
    <calculationArc xlink:type="arc" xlink:arcrole="http://www.xbrl.org/2003/arcrole/summation-item" xlink:from="loc_StockholdersEquity" xlink:to="wdc_CommonStockValues" order="40" use="optional" weight="1" priority="1" />
    <loc xlink:type="locator" xlink:href="wdc-20100101.xsd#wdc_PreferredStockValues" xlink:label="wdc_PreferredStockValues" />
    <calculationArc xlink:type="arc" xlink:arcrole="http://www.xbrl.org/2003/arcrole/summation-item" xlink:from="loc_StockholdersEquity" xlink:to="wdc_PreferredStockValues" order="20" use="optional" weight="1" priority="1" />
  </calculationLink>
  <calculationLink xlink:type="extended" xlink:role="http://westerndigital.com/role/StatementsOfIncome" xlink:title="02 - Statement - Condensed Consolidated Statements of Income (Unaudited)">
    <loc xlink:type="locator" xlink:href="http://taxonomies.xbrl.us/us-gaap/2009/elts/us-gaap-2009-01-31.xsd#us-gaap_NetIncomeLoss" xlink:label="loc_NetIncomeLoss" />
    <loc xlink:type="locator" xlink:href="http://taxonomies.xbrl.us/us-gaap/2009/elts/us-gaap-2009-01-31.xsd#us-gaap_IncomeLossFromContinuingOperationsBeforeIncomeTaxesMinorityInterestAndIncomeLossFromEquityMethodInvestments" xlink:label="loc_IncomeLossFromContinuingOperationsBeforeIncomeTaxesMinorityInterestAndIncomeLossFromEquityMethodInvestments" />
    <calculationArc xlink:type="arc" xlink:arcrole="http://www.xbrl.org/2003/arcrole/summation-item" xlink:from="loc_NetIncomeLoss" xlink:to="loc_IncomeLossFromContinuingOperationsBeforeIncomeTaxesMinorityInterestAndIncomeLossFromEquityMethodInvestments" order="40" use="optional" weight="1" />
    <loc xlink:type="locator" xlink:href="http://taxonomies.xbrl.us/us-gaap/2009/elts/us-gaap-2009-01-31.xsd#us-gaap_NonoperatingIncomeExpense" xlink:label="loc_NonoperatingIncomeExpense" />
    <calculationArc xlink:type="arc" xlink:arcrole="http://www.xbrl.org/2003/arcrole/summation-item" xlink:from="loc_IncomeLossFromContinuingOperationsBeforeIncomeTaxesMinorityInterestAndIncomeLossFromEquityMethodInvestments" xlink:to="loc_NonoperatingIncomeExpense" order="40" use="optional" weight="1" />
    <loc xlink:type="locator" xlink:href="http://taxonomies.xbrl.us/us-gaap/2009/elts/us-gaap-2009-01-31.xsd#us-gaap_OperatingIncomeLoss" xlink:label="loc_OperatingIncomeLoss" />
    <calculationArc xlink:type="arc" xlink:arcrole="http://www.xbrl.org/2003/arcrole/summation-item" xlink:from="loc_IncomeLossFromContinuingOperationsBeforeIncomeTaxesMinorityInterestAndIncomeLossFromEquityMethodInvestments" xlink:to="loc_OperatingIncomeLoss" order="20" use="optional" weight="1" />
    <loc xlink:type="locator" xlink:href="http://taxonomies.xbrl.us/us-gaap/2009/elts/us-gaap-2009-01-31.xsd#us-gaap_InvestmentIncomeInterest" xlink:label="loc_InvestmentIncomeInterest" />
    <calculationArc xlink:type="arc" xlink:arcrole="http://www.xbrl.org/2003/arcrole/summation-item" xlink:from="loc_NonoperatingIncomeExpense" xlink:to="loc_InvestmentIncomeInterest" order="40" use="optional" weight="1" />
    <loc xlink:type="locator" xlink:href="http://taxonomies.xbrl.us/us-gaap/2009/elts/us-gaap-2009-01-31.xsd#us-gaap_OperatingExpenses" xlink:label="loc_OperatingExpenses" />
    <calculationArc xlink:type="arc" xlink:arcrole="http://www.xbrl.org/2003/arcrole/summation-item" xlink:from="loc_OperatingIncomeLoss" xlink:to="loc_OperatingExpenses" order="40" use="optional" weight="-1" />
    <loc xlink:type="locator" xlink:href="http://taxonomies.xbrl.us/us-gaap/2009/elts/us-gaap-2009-01-31.xsd#us-gaap_ResearchAndDevelopmentExpenseExcludingAcquiredInProcessCost" xlink:label="loc_ResearchAndDevelopmentExpenseExcludingAcquiredInProcessCost" />
    <calculationArc xlink:type="arc" xlink:arcrole="http://www.xbrl.org/2003/arcrole/summation-item" xlink:from="loc_OperatingExpenses" xlink:to="loc_ResearchAndDevelopmentExpenseExcludingAcquiredInProcessCost" order="20" use="optional" weight="1" />
    <loc xlink:type="locator" xlink:href="http://taxonomies.xbrl.us/us-gaap/2009/elts/us-gaap-2009-01-31.xsd#us-gaap_GrossProfit" xlink:label="loc_GrossProfit" />
    <calculationArc xlink:type="arc" xlink:arcrole="http://www.xbrl.org/2003/arcrole/summation-item" xlink:from="loc_OperatingIncomeLoss" xlink:to="loc_GrossProfit" order="20" use="optional" weight="1" />
    <loc xlink:type="locator" xlink:href="http://taxonomies.xbrl.us/us-gaap/2009/elts/us-gaap-2009-01-31.xsd#us-gaap_CostOfGoodsSold" xlink:label="loc_CostOfGoodsSold" />
    <calculationArc xlink:type="arc" xlink:arcrole="http://www.xbrl.org/2003/arcrole/summation-item" xlink:from="loc_GrossProfit" xlink:to="loc_CostOfGoodsSold" order="40" use="optional" weight="-1" />
    <loc xlink:type="locator" xlink:href="http://taxonomies.xbrl.us/us-gaap/2009/elts/us-gaap-2009-01-31.xsd#us-gaap_SalesRevenueGoodsNet" xlink:label="loc_SalesRevenueGoodsNet" />
    <calculationArc xlink:type="arc" xlink:arcrole="http://www.xbrl.org/2003/arcrole/summation-item" xlink:from="loc_GrossProfit" xlink:to="loc_SalesRevenueGoodsNet" order="20" use="optional" weight="1" priority="1" />
    <loc xlink:type="locator" xlink:href="http://taxonomies.xbrl.us/us-gaap/2009/elts/us-gaap-2009-01-31.xsd#us-gaap_IncomeTaxExpenseBenefit" xlink:label="loc_IncomeTaxExpenseBenefit" />
    <calculationArc xlink:type="arc" xlink:arcrole="http://www.xbrl.org/2003/arcrole/summation-item" xlink:from="loc_NetIncomeLoss" xlink:to="loc_IncomeTaxExpenseBenefit" order="20" use="optional" weight="-1" priority="1" />
    <loc xlink:type="locator" xlink:href="wdc-20100101.xsd#wdc_InterestAndOtherExpense" xlink:label="wdc_InterestAndOtherExpense" />
    <calculationArc xlink:type="arc" xlink:arcrole="http://www.xbrl.org/2003/arcrole/summation-item" xlink:from="loc_NonoperatingIncomeExpense" xlink:to="wdc_InterestAndOtherExpense" order="20" use="optional" weight="1" priority="1" />
    <loc xlink:type="locator" xlink:href="wdc-20100101.xsd#wdc_SellingGeneralAndAdministrativeExpenseOperatingExpenses" xlink:label="wdc_SellingGeneralAndAdministrativeExpenseOperatingExpenses" />
    <calculationArc xlink:type="arc" xlink:arcrole="http://www.xbrl.org/2003/arcrole/summation-item" xlink:from="loc_OperatingExpenses" xlink:to="wdc_SellingGeneralAndAdministrativeExpenseOperatingExpenses" order="30" use="optional" weight="1" priority="1" />
    <loc xlink:type="locator" xlink:href="http://taxonomies.xbrl.us/us-gaap/2009/elts/us-gaap-2009-01-31.xsd#us-gaap_RestructuringCharges" xlink:label="loc_RestructuringCharges" />
    <calculationArc xlink:type="arc" xlink:arcrole="http://www.xbrl.org/2003/arcrole/summation-item" xlink:from="loc_OperatingExpenses" xlink:to="loc_RestructuringCharges" order="10" use="optional" weight="1" />
  </calculationLink>
  <calculationLink xlink:type="extended" xlink:role="http://westerndigital.com/role/StatementsOfCashFlows" xlink:title="03 - Statement - Condensed Consolidated Statements of Cash Flows (Unaudited)">
    <loc xlink:type="locator" xlink:href="http://taxonomies.xbrl.us/us-gaap/2009/elts/us-gaap-2009-01-31.xsd#us-gaap_CashAndCashEquivalentsPeriodIncreaseDecrease" xlink:label="loc_CashAndCashEquivalentsPeriodIncreaseDecrease" />
    <loc xlink:type="locator" xlink:href="http://taxonomies.xbrl.us/us-gaap/2009/elts/us-gaap-2009-01-31.xsd#us-gaap_NetCashProvidedByUsedInFinancingActivities" xlink:label="loc_NetCashProvidedByUsedInFinancingActivities" />
    <calculationArc xlink:type="arc" xlink:arcrole="http://www.xbrl.org/2003/arcrole/summation-item" xlink:from="loc_CashAndCashEquivalentsPeriodIncreaseDecrease" xlink:to="loc_NetCashProvidedByUsedInFinancingActivities" order="60" use="optional" weight="1" priority="1" />
    <loc xlink:type="locator" xlink:href="http://taxonomies.xbrl.us/us-gaap/2009/elts/us-gaap-2009-01-31.xsd#us-gaap_NetCashProvidedByUsedInInvestingActivities" xlink:label="loc_NetCashProvidedByUsedInInvestingActivities" />
    <calculationArc xlink:type="arc" xlink:arcrole="http://www.xbrl.org/2003/arcrole/summation-item" xlink:from="loc_CashAndCashEquivalentsPeriodIncreaseDecrease" xlink:to="loc_NetCashProvidedByUsedInInvestingActivities" order="40" use="optional" weight="1" priority="1" />
    <loc xlink:type="locator" xlink:href="http://taxonomies.xbrl.us/us-gaap/2009/elts/us-gaap-2009-01-31.xsd#us-gaap_NetCashProvidedByUsedInOperatingActivities" xlink:label="loc_NetCashProvidedByUsedInOperatingActivities" />
    <calculationArc xlink:type="arc" xlink:arcrole="http://www.xbrl.org/2003/arcrole/summation-item" xlink:from="loc_CashAndCashEquivalentsPeriodIncreaseDecrease" xlink:to="loc_NetCashProvidedByUsedInOperatingActivities" order="20" use="optional" weight="1" priority="1" />
    <loc xlink:type="locator" xlink:href="http://taxonomies.xbrl.us/us-gaap/2009/elts/us-gaap-2009-01-31.xsd#us-gaap_NetIncomeLoss" xlink:label="loc_NetIncomeLoss" />
    <calculationArc xlink:type="arc" xlink:arcrole="http://www.xbrl.org/2003/arcrole/summation-item" xlink:from="loc_NetCashProvidedByUsedInOperatingActivities" xlink:to="loc_NetIncomeLoss" order="220" use="optional" weight="1" priority="1" />
    <loc xlink:type="locator" xlink:href="http://taxonomies.xbrl.us/us-gaap/2009/elts/us-gaap-2009-01-31.xsd#us-gaap_IncreaseDecreaseInOtherOperatingCapitalNet" xlink:label="loc_IncreaseDecreaseInOtherOperatingCapitalNet" />
    <calculationArc xlink:type="arc" xlink:arcrole="http://www.xbrl.org/2003/arcrole/summation-item" xlink:from="loc_NetCashProvidedByUsedInOperatingActivities" xlink:to="loc_IncreaseDecreaseInOtherOperatingCapitalNet" order="200" use="optional" weight="1" priority="1" />
    <loc xlink:type="locator" xlink:href="http://taxonomies.xbrl.us/us-gaap/2009/elts/us-gaap-2009-01-31.xsd#us-gaap_IncreaseDecreaseInInventories" xlink:label="loc_IncreaseDecreaseInInventories" />
    <calculationArc xlink:type="arc" xlink:arcrole="http://www.xbrl.org/2003/arcrole/summation-item" xlink:from="loc_NetCashProvidedByUsedInOperatingActivities" xlink:to="loc_IncreaseDecreaseInInventories" order="180" use="optional" weight="1" priority="1" />
    <loc xlink:type="locator" xlink:href="http://taxonomies.xbrl.us/us-gaap/2009/elts/us-gaap-2009-01-31.xsd#us-gaap_IncreaseDecreaseInAccountsReceivable" xlink:label="loc_IncreaseDecreaseInAccountsReceivable" />
    <calculationArc xlink:type="arc" xlink:arcrole="http://www.xbrl.org/2003/arcrole/summation-item" xlink:from="loc_NetCashProvidedByUsedInOperatingActivities" xlink:to="loc_IncreaseDecreaseInAccountsReceivable" order="160" use="optional" weight="1" priority="1" />
    <loc xlink:type="locator" xlink:href="http://taxonomies.xbrl.us/us-gaap/2009/elts/us-gaap-2009-01-31.xsd#us-gaap_RepaymentsOfLongTermDebt" xlink:label="loc_RepaymentsOfLongTermDebt" />
    <calculationArc xlink:type="arc" xlink:arcrole="http://www.xbrl.org/2003/arcrole/summation-item" xlink:from="loc_NetCashProvidedByUsedInFinancingActivities" xlink:to="loc_RepaymentsOfLongTermDebt" order="140" use="optional" weight="-1" priority="1" />
    <loc xlink:type="locator" xlink:href="http://taxonomies.xbrl.us/us-gaap/2009/elts/us-gaap-2009-01-31.xsd#us-gaap_PaymentsForRepurchaseOfCommonStock" xlink:label="us-gaap_PaymentsForRepurchaseOfCommonStock_633589007371093750" />
    <calculationArc xlink:type="arc" xlink:arcrole="http://www.xbrl.org/2003/arcrole/summation-item" xlink:from="loc_NetCashProvidedByUsedInFinancingActivities" xlink:to="us-gaap_PaymentsForRepurchaseOfCommonStock_633589007371093750" order="80" use="optional" weight="-1" priority="1" />
    <loc xlink:type="locator" xlink:href="http://taxonomies.xbrl.us/us-gaap/2009/elts/us-gaap-2009-01-31.xsd#us-gaap_ExcessTaxBenefitFromShareBasedCompensationFinancingActivities" xlink:label="us-gaap_ExcessTaxBenefitFromShareBasedCompensationFinancingActivities_633589009037656250" />
    <calculationArc xlink:type="arc" xlink:arcrole="http://www.xbrl.org/2003/arcrole/summation-item" xlink:from="loc_NetCashProvidedByUsedInFinancingActivities" xlink:to="us-gaap_ExcessTaxBenefitFromShareBasedCompensationFinancingActivities_633589009037656250" order="60" use="optional" weight="1" priority="1" />
    <loc xlink:type="locator" xlink:href="http://taxonomies.xbrl.us/us-gaap/2009/elts/us-gaap-2009-01-31.xsd#us-gaap_ProceedsFromIssuanceOfSharesUnderIncentiveAndShareBasedCompensationPlans" xlink:label="us-gaap_ProceedsFromIssuanceOfSharesUnderIncentiveAndShareBasedCompensationPlans_633589005708437500" />
    <calculationArc xlink:type="arc" xlink:arcrole="http://www.xbrl.org/2003/arcrole/summation-item" xlink:from="loc_NetCashProvidedByUsedInFinancingActivities" xlink:to="us-gaap_ProceedsFromIssuanceOfSharesUnderIncentiveAndShareBasedCompensationPlans_633589005708437500" order="20" use="optional" weight="1" priority="1" />
    <loc xlink:type="locator" xlink:href="http://taxonomies.xbrl.us/us-gaap/2009/elts/us-gaap-2009-01-31.xsd#us-gaap_PaymentsForProceedsFromInvestments" xlink:label="loc_PaymentsForProceedsFromInvestments" />
    <calculationArc xlink:type="arc" xlink:arcrole="http://www.xbrl.org/2003/arcrole/summation-item" xlink:from="loc_NetCashProvidedByUsedInInvestingActivities" xlink:to="loc_PaymentsForProceedsFromInvestments" order="80" use="optional" weight="-1" priority="1" />
    <loc xlink:type="locator" xlink:href="http://taxonomies.xbrl.us/us-gaap/2009/elts/us-gaap-2009-01-31.xsd#us-gaap_PaymentsToAcquireProductiveAssets" xlink:label="loc_PaymentsToAcquireProductiveAssets" />
    <calculationArc xlink:type="arc" xlink:arcrole="http://www.xbrl.org/2003/arcrole/summation-item" xlink:from="loc_NetCashProvidedByUsedInInvestingActivities" xlink:to="loc_PaymentsToAcquireProductiveAssets" order="40" use="optional" weight="-1" priority="1" />
    <loc xlink:type="locator" xlink:href="http://taxonomies.xbrl.us/us-gaap/2009/elts/us-gaap-2009-01-31.xsd#us-gaap_ShareBasedCompensation" xlink:label="loc_ShareBasedCompensation" />
    <calculationArc xlink:type="arc" xlink:arcrole="http://www.xbrl.org/2003/arcrole/summation-item" xlink:from="loc_NetCashProvidedByUsedInOperatingActivities" xlink:to="loc_ShareBasedCompensation" order="120" use="optional" weight="1" priority="1" />
    <loc xlink:type="locator" xlink:href="http://taxonomies.xbrl.us/us-gaap/2009/elts/us-gaap-2009-01-31.xsd#us-gaap_IncreaseDecreaseInAccountsPayableTrade" xlink:label="loc_IncreaseDecreaseInAccountsPayableTrade" />
    <calculationArc xlink:type="arc" xlink:arcrole="http://www.xbrl.org/2003/arcrole/summation-item" xlink:from="loc_NetCashProvidedByUsedInOperatingActivities" xlink:to="loc_IncreaseDecreaseInAccountsPayableTrade" order="40" use="optional" weight="1" priority="1" />
    <loc xlink:type="locator" xlink:href="http://taxonomies.xbrl.us/us-gaap/2009/elts/us-gaap-2009-01-31.xsd#us-gaap_IncreaseDecreaseInAccruedLiabilities" xlink:label="loc_IncreaseDecreaseInAccruedLiabilities" />
    <calculationArc xlink:type="arc" xlink:arcrole="http://www.xbrl.org/2003/arcrole/summation-item" xlink:from="loc_NetCashProvidedByUsedInOperatingActivities" xlink:to="loc_IncreaseDecreaseInAccruedLiabilities" order="20" use="optional" weight="1" priority="1" />
    <loc xlink:type="locator" xlink:href="http://taxonomies.xbrl.us/us-gaap/2009/elts/us-gaap-2009-01-31.xsd#us-gaap_DepreciationAndAmortization" xlink:label="loc_DepreciationAndAmortization" />
    <calculationArc xlink:type="arc" xlink:arcrole="http://www.xbrl.org/2003/arcrole/summation-item" xlink:from="loc_NetCashProvidedByUsedInOperatingActivities" xlink:to="loc_DepreciationAndAmortization" order="140" use="optional" weight="1" />
    <loc xlink:type="locator" xlink:href="wdc-20100101.xsd#wdc_TaxesPaidOnVestedStockAwardsUnderEmployeeStockPlans" xlink:label="wdc_TaxesPaidOnVestedStockAwardsUnderEmployeeStockPlans" />
    <calculationArc xlink:type="arc" xlink:arcrole="http://www.xbrl.org/2003/arcrole/summation-item" xlink:from="loc_NetCashProvidedByUsedInFinancingActivities" xlink:to="wdc_TaxesPaidOnVestedStockAwardsUnderEmployeeStockPlans" order="50" use="optional" weight="1" priority="1" />
    <loc xlink:type="locator" xlink:href="wdc-20100101.xsd#wdc_LossOnInvestments" xlink:label="wdc_LossOnInvestments" />
    <calculationArc xlink:type="arc" xlink:arcrole="http://www.xbrl.org/2003/arcrole/summation-item" xlink:from="loc_NetCashProvidedByUsedInOperatingActivities" xlink:to="wdc_LossOnInvestments" order="130" use="optional" weight="1" priority="1" />
    <loc xlink:type="locator" xlink:href="http://taxonomies.xbrl.us/us-gaap/2009/elts/us-gaap-2009-01-31.xsd#us-gaap_RestructuringCosts" xlink:label="loc_RestructuringCosts" />
    <calculationArc xlink:type="arc" xlink:arcrole="http://www.xbrl.org/2003/arcrole/summation-item" xlink:from="loc_NetCashProvidedByUsedInOperatingActivities" xlink:to="loc_RestructuringCosts" order="10" use="optional" weight="1" />
    <loc xlink:type="locator" xlink:href="http://taxonomies.xbrl.us/us-gaap/2009/elts/us-gaap-2009-01-31.xsd#us-gaap_DeferredIncomeTaxExpenseBenefit" xlink:label="loc_DeferredIncomeTaxExpenseBenefit" />
    <calculationArc xlink:type="arc" xlink:arcrole="http://www.xbrl.org/2003/arcrole/summation-item" xlink:from="loc_NetCashProvidedByUsedInOperatingActivities" xlink:to="loc_DeferredIncomeTaxExpenseBenefit" order="5" use="optional" weight="1" />
  </calculationLink>
  <calculationLink xlink:type="extended" xlink:role="http://westerndigital.com/role/BalanceSheetsParenthetical" xlink:title="011 - Statement - Condensed Consolidated Balance Sheets (Unaudited) (Parenthetical)" />
  <calculationLink xlink:type="extended" xlink:role="http://westerndigital.com/role/BasisOfPresentation" xlink:title="0601 - Disclosure - Basis of Presentation" />
  <calculationLink xlink:type="extended" xlink:role="http://westerndigital.com/role/SupplementalFinancialStatementData" xlink:title="0602 - Disclosure - Supplemental Financial Statement Data" />
  <calculationLink xlink:type="extended" xlink:role="http://westerndigital.com/role/IncomePerCommonShare" xlink:title="0603 - Disclosure - Income per Common Share" />
  <calculationLink xlink:type="extended" xlink:role="http://westerndigital.com/role/Debt" xlink:title="0604 - Disclosure - Debt" />
  <calculationLink xlink:type="extended" xlink:role="http://westerndigital.com/role/StockBasedCompensation" xlink:title="0605 - Disclosure - Stock-Based Compensation" />
  <calculationLink xlink:type="extended" xlink:role="http://westerndigital.com/role/LegalProceedings" xlink:title="0606 - Disclosure - Legal Proceedings" />
  <calculationLink xlink:type="extended" xlink:role="http://westerndigital.com/role/IncomeTaxes" xlink:title="0607 - Disclosure - Income Taxes" />
  <calculationLink xlink:type="extended" xlink:role="http://westerndigital.com/role/FairValueMeasurements" xlink:title="0608 - Disclosure - Fair Value Measurements" />
  <calculationLink xlink:type="extended" xlink:role="http://westerndigital.com/role/ForeignExchangeContracts" xlink:title="0609 - Disclosure - Foreign Exchange Contracts" />
  <calculationLink xlink:type="extended" xlink:role="http://westerndigital.com/role/RecentAccountingPronouncements" xlink:title="0610 - Disclosure - Recent Accounting Pronouncements" />
  <calculationLink xlink:type="extended" xlink:role="http://westerndigital.com/role/DocumentAndEntityInformation" xlink:title="00 - Document - Document and Company Information" />
</linkbase>
