<?xml version="1.0" encoding="us-ascii"?>
<!-- XBRL document created with XMark (C) by Bowne Inc. -->
<!--Based on XBRL 2.1-->
<!--Created on: 9/15/2008 11:43:53 AM-->
<!--Modified on: 1/29/2010 10:05:56 PM-->
<linkbase xmlns="http://www.xbrl.org/2003/linkbase" xmlns:xsi="http://www.w3.org/2001/XMLSchema-instance" xmlns:xlink="http://www.w3.org/1999/xlink" xsi:schemaLocation="http://www.xbrl.org/2003/linkbase http://www.xbrl.org/2003/xbrl-linkbase-2003-12-31.xsd">
  <roleRef xlink:type="simple" xlink:href="wdc-20100101.xsd#BalanceSheets" roleURI="http://westerndigital.com/role/BalanceSheets" />
  <roleRef xlink:type="simple" xlink:href="wdc-20100101.xsd#StatementsOfIncome" roleURI="http://westerndigital.com/role/StatementsOfIncome" />
  <roleRef xlink:type="simple" xlink:href="wdc-20100101.xsd#StatementsOfCashFlows" roleURI="http://westerndigital.com/role/StatementsOfCashFlows" />
  <roleRef xlink:type="simple" xlink:href="wdc-20100101.xsd#BalanceSheetsParenthetical" roleURI="http://westerndigital.com/role/BalanceSheetsParenthetical" />
  <roleRef xlink:type="simple" xlink:href="wdc-20100101.xsd#BasisOfPresentation" roleURI="http://westerndigital.com/role/BasisOfPresentation" />
  <roleRef xlink:type="simple" xlink:href="wdc-20100101.xsd#SupplementalFinancialStatementData" roleURI="http://westerndigital.com/role/SupplementalFinancialStatementData" />
  <roleRef xlink:type="simple" xlink:href="wdc-20100101.xsd#IncomePerCommonShare" roleURI="http://westerndigital.com/role/IncomePerCommonShare" />
  <roleRef xlink:type="simple" xlink:href="wdc-20100101.xsd#Debt" roleURI="http://westerndigital.com/role/Debt" />
  <roleRef xlink:type="simple" xlink:href="wdc-20100101.xsd#StockBasedCompensation" roleURI="http://westerndigital.com/role/StockBasedCompensation" />
  <roleRef xlink:type="simple" xlink:href="wdc-20100101.xsd#LegalProceedings" roleURI="http://westerndigital.com/role/LegalProceedings" />
  <roleRef xlink:type="simple" xlink:href="wdc-20100101.xsd#IncomeTaxes" roleURI="http://westerndigital.com/role/IncomeTaxes" />
  <roleRef xlink:type="simple" xlink:href="wdc-20100101.xsd#FairValueMeasurements" roleURI="http://westerndigital.com/role/FairValueMeasurements" />
  <roleRef xlink:type="simple" xlink:href="wdc-20100101.xsd#ForeignExchangeContracts" roleURI="http://westerndigital.com/role/ForeignExchangeContracts" />
  <roleRef xlink:type="simple" xlink:href="wdc-20100101.xsd#RecentAccountingPronouncements" roleURI="http://westerndigital.com/role/RecentAccountingPronouncements" />
  <roleRef xlink:type="simple" xlink:href="wdc-20100101.xsd#DocumentAndEntityInformation" roleURI="http://westerndigital.com/role/DocumentAndEntityInformation" />
  <presentationLink xlink:type="extended" xlink:role="http://westerndigital.com/role/BalanceSheets" xlink:title="01 - Statement - Condensed Consolidated Balance Sheets (Unaudited)">
    <loc xlink:type="locator" xlink:href="http://taxonomies.xbrl.us/us-gaap/2009/elts/us-gaap-2009-01-31.xsd#us-gaap_StatementOfFinancialPositionAbstract" xlink:label="loc_StatementOfFinancialPositionAbstract" />
    <loc xlink:type="locator" xlink:href="http://taxonomies.xbrl.us/us-gaap/2009/elts/us-gaap-2009-01-31.xsd#us-gaap_StatementTable" xlink:label="loc_StatementTable" />
    <presentationArc xlink:type="arc" xlink:arcrole="http://www.xbrl.org/2003/arcrole/parent-child" xlink:from="loc_StatementOfFinancialPositionAbstract" xlink:to="loc_StatementTable" order="20" use="optional" />
    <loc xlink:type="locator" xlink:href="http://taxonomies.xbrl.us/us-gaap/2009/elts/us-gaap-2009-01-31.xsd#us-gaap_StatementLineItems" xlink:label="loc_StatementLineItems" />
    <presentationArc xlink:type="arc" xlink:arcrole="http://www.xbrl.org/2003/arcrole/parent-child" xlink:from="loc_StatementTable" xlink:to="loc_StatementLineItems" order="20" use="optional" />
    <loc xlink:type="locator" xlink:href="http://taxonomies.xbrl.us/us-gaap/2009/elts/us-gaap-2009-01-31.xsd#us-gaap_AssetsAbstract" xlink:label="loc_AssetsAbstract" />
    <presentationArc xlink:type="arc" xlink:arcrole="http://www.xbrl.org/2003/arcrole/parent-child" xlink:from="loc_StatementLineItems" xlink:to="loc_AssetsAbstract" order="20" use="optional" preferredLabel="http://www.xbrl.org/2003/role/verboseLabel" />
    <loc xlink:type="locator" xlink:href="http://taxonomies.xbrl.us/us-gaap/2009/elts/us-gaap-2009-01-31.xsd#us-gaap_AssetsCurrentAbstract" xlink:label="loc_AssetsCurrentAbstract" />
    <presentationArc xlink:type="arc" xlink:arcrole="http://www.xbrl.org/2003/arcrole/parent-child" xlink:from="loc_AssetsAbstract" xlink:to="loc_AssetsCurrentAbstract" order="20" use="optional" preferredLabel="http://www.xbrl.org/2003/role/verboseLabel" />
    <loc xlink:type="locator" xlink:href="http://taxonomies.xbrl.us/us-gaap/2009/elts/us-gaap-2009-01-31.xsd#us-gaap_CashAndCashEquivalentsAtCarryingValue" xlink:label="loc_CashAndCashEquivalentsAtCarryingValue" />
    <presentationArc xlink:type="arc" xlink:arcrole="http://www.xbrl.org/2003/arcrole/parent-child" xlink:from="loc_AssetsCurrentAbstract" xlink:to="loc_CashAndCashEquivalentsAtCarryingValue" order="20" use="optional" preferredLabel="http://www.xbrl.org/2003/role/verboseLabel" />
    <loc xlink:type="locator" xlink:href="http://taxonomies.xbrl.us/us-gaap/2009/elts/us-gaap-2009-01-31.xsd#us-gaap_AccountsReceivableNetCurrent" xlink:label="loc_AccountsReceivableNetCurrent" />
    <presentationArc xlink:type="arc" xlink:arcrole="http://www.xbrl.org/2003/arcrole/parent-child" xlink:from="loc_AssetsCurrentAbstract" xlink:to="loc_AccountsReceivableNetCurrent" order="40" use="optional" preferredLabel="http://www.xbrl.org/2003/role/verboseLabel" />
    <loc xlink:type="locator" xlink:href="http://taxonomies.xbrl.us/us-gaap/2009/elts/us-gaap-2009-01-31.xsd#us-gaap_InventoryNet" xlink:label="loc_InventoryNet" />
    <presentationArc xlink:type="arc" xlink:arcrole="http://www.xbrl.org/2003/arcrole/parent-child" xlink:from="loc_AssetsCurrentAbstract" xlink:to="loc_InventoryNet" order="60" use="optional" preferredLabel="http://www.xbrl.org/2003/role/verboseLabel" />
    <loc xlink:type="locator" xlink:href="http://taxonomies.xbrl.us/us-gaap/2009/elts/us-gaap-2009-01-31.xsd#us-gaap_OtherAssetsCurrent" xlink:label="loc_OtherAssetsCurrent" />
    <presentationArc xlink:type="arc" xlink:arcrole="http://www.xbrl.org/2003/arcrole/parent-child" xlink:from="loc_AssetsCurrentAbstract" xlink:to="loc_OtherAssetsCurrent" order="80" use="optional" preferredLabel="http://www.xbrl.org/2003/role/totalLabel" />
    <loc xlink:type="locator" xlink:href="http://taxonomies.xbrl.us/us-gaap/2009/elts/us-gaap-2009-01-31.xsd#us-gaap_AssetsCurrent" xlink:label="loc_AssetsCurrent" />
    <presentationArc xlink:type="arc" xlink:arcrole="http://www.xbrl.org/2003/arcrole/parent-child" xlink:from="loc_AssetsCurrentAbstract" xlink:to="loc_AssetsCurrent" order="100" use="optional" preferredLabel="http://www.xbrl.org/2003/role/verboseLabel" />
    <loc xlink:type="locator" xlink:href="http://taxonomies.xbrl.us/us-gaap/2009/elts/us-gaap-2009-01-31.xsd#us-gaap_PropertyPlantAndEquipmentNet" xlink:label="loc_PropertyPlantAndEquipmentNet" />
    <presentationArc xlink:type="arc" xlink:arcrole="http://www.xbrl.org/2003/arcrole/parent-child" xlink:from="loc_AssetsAbstract" xlink:to="loc_PropertyPlantAndEquipmentNet" order="40" use="optional" preferredLabel="http://www.xbrl.org/2003/role/verboseLabel" />
    <loc xlink:type="locator" xlink:href="http://taxonomies.xbrl.us/us-gaap/2009/elts/us-gaap-2009-01-31.xsd#us-gaap_Goodwill" xlink:label="loc_Goodwill" />
    <presentationArc xlink:type="arc" xlink:arcrole="http://www.xbrl.org/2003/arcrole/parent-child" xlink:from="loc_AssetsAbstract" xlink:to="loc_Goodwill" order="60" use="optional" preferredLabel="http://www.xbrl.org/2003/role/verboseLabel" />
    <loc xlink:type="locator" xlink:href="http://taxonomies.xbrl.us/us-gaap/2009/elts/us-gaap-2009-01-31.xsd#us-gaap_OtherAssetsNoncurrent" xlink:label="loc_OtherAssetsNoncurrent" />
    <presentationArc xlink:type="arc" xlink:arcrole="http://www.xbrl.org/2003/arcrole/parent-child" xlink:from="loc_AssetsAbstract" xlink:to="loc_OtherAssetsNoncurrent" order="100" use="optional" preferredLabel="http://www.xbrl.org/2003/role/totalLabel" />
    <loc xlink:type="locator" xlink:href="http://taxonomies.xbrl.us/us-gaap/2009/elts/us-gaap-2009-01-31.xsd#us-gaap_Assets" xlink:label="loc_Assets" />
    <presentationArc xlink:type="arc" xlink:arcrole="http://www.xbrl.org/2003/arcrole/parent-child" xlink:from="loc_AssetsAbstract" xlink:to="loc_Assets" order="120" use="optional" preferredLabel="http://www.xbrl.org/2003/role/totalLabel" />
    <loc xlink:type="locator" xlink:href="http://taxonomies.xbrl.us/us-gaap/2009/elts/us-gaap-2009-01-31.xsd#us-gaap_LiabilitiesAndStockholdersEquityAbstract" xlink:label="loc_LiabilitiesAndStockholdersEquityAbstract" />
    <presentationArc xlink:type="arc" xlink:arcrole="http://www.xbrl.org/2003/arcrole/parent-child" xlink:from="loc_StatementLineItems" xlink:to="loc_LiabilitiesAndStockholdersEquityAbstract" order="40" use="optional" preferredLabel="http://www.xbrl.org/2003/role/verboseLabel" />
    <loc xlink:type="locator" xlink:href="http://taxonomies.xbrl.us/us-gaap/2009/elts/us-gaap-2009-01-31.xsd#us-gaap_LiabilitiesCurrentAbstract" xlink:label="loc_LiabilitiesCurrentAbstract" />
    <presentationArc xlink:type="arc" xlink:arcrole="http://www.xbrl.org/2003/arcrole/parent-child" xlink:from="loc_LiabilitiesAndStockholdersEquityAbstract" xlink:to="loc_LiabilitiesCurrentAbstract" order="20" use="optional" preferredLabel="http://www.xbrl.org/2003/role/verboseLabel" />
    <loc xlink:type="locator" xlink:href="http://taxonomies.xbrl.us/us-gaap/2009/elts/us-gaap-2009-01-31.xsd#us-gaap_AccountsPayableCurrent" xlink:label="loc_AccountsPayableCurrent" />
    <presentationArc xlink:type="arc" xlink:arcrole="http://www.xbrl.org/2003/arcrole/parent-child" xlink:from="loc_LiabilitiesCurrentAbstract" xlink:to="loc_AccountsPayableCurrent" order="20" use="optional" preferredLabel="http://www.xbrl.org/2003/role/verboseLabel" />
    <loc xlink:type="locator" xlink:href="http://taxonomies.xbrl.us/us-gaap/2009/elts/us-gaap-2009-01-31.xsd#us-gaap_AccruedLiabilitiesCurrent" xlink:label="loc_AccruedLiabilitiesCurrent" />
    <presentationArc xlink:type="arc" xlink:arcrole="http://www.xbrl.org/2003/arcrole/parent-child" xlink:from="loc_LiabilitiesCurrentAbstract" xlink:to="loc_AccruedLiabilitiesCurrent" order="40" use="optional" preferredLabel="http://www.xbrl.org/2003/role/verboseLabel" />
    <loc xlink:type="locator" xlink:href="wdc-20100101.xsd#wdc_AccruedWarranty" xlink:label="wdc_AccruedWarranty" />
    <presentationArc xlink:type="arc" xlink:arcrole="http://www.xbrl.org/2003/arcrole/parent-child" xlink:from="loc_LiabilitiesCurrentAbstract" xlink:to="wdc_AccruedWarranty" order="60" use="optional" preferredLabel="http://www.xbrl.org/2003/role/verboseLabel" priority="1" />
    <loc xlink:type="locator" xlink:href="http://taxonomies.xbrl.us/us-gaap/2009/elts/us-gaap-2009-01-31.xsd#us-gaap_LongTermDebtCurrent" xlink:label="loc_LongTermDebtCurrent" />
    <presentationArc xlink:type="arc" xlink:arcrole="http://www.xbrl.org/2003/arcrole/parent-child" xlink:from="loc_LiabilitiesCurrentAbstract" xlink:to="loc_LongTermDebtCurrent" order="80" use="optional" preferredLabel="http://www.xbrl.org/2003/role/totalLabel" />
    <loc xlink:type="locator" xlink:href="http://taxonomies.xbrl.us/us-gaap/2009/elts/us-gaap-2009-01-31.xsd#us-gaap_LiabilitiesCurrent" xlink:label="loc_LiabilitiesCurrent" />
    <presentationArc xlink:type="arc" xlink:arcrole="http://www.xbrl.org/2003/arcrole/parent-child" xlink:from="loc_LiabilitiesCurrentAbstract" xlink:to="loc_LiabilitiesCurrent" order="100" use="optional" preferredLabel="http://www.xbrl.org/2003/role/verboseLabel" />
    <loc xlink:type="locator" xlink:href="http://taxonomies.xbrl.us/us-gaap/2009/elts/us-gaap-2009-01-31.xsd#us-gaap_LongTermDebtNoncurrent" xlink:label="loc_LongTermDebtNoncurrent" />
    <presentationArc xlink:type="arc" xlink:arcrole="http://www.xbrl.org/2003/arcrole/parent-child" xlink:from="loc_LiabilitiesAndStockholdersEquityAbstract" xlink:to="loc_LongTermDebtNoncurrent" order="40" use="optional" preferredLabel="http://www.xbrl.org/2003/role/verboseLabel" />
    <loc xlink:type="locator" xlink:href="http://taxonomies.xbrl.us/us-gaap/2009/elts/us-gaap-2009-01-31.xsd#us-gaap_OtherLiabilitiesNoncurrent" xlink:label="loc_OtherLiabilitiesNoncurrent" />
    <presentationArc xlink:type="arc" xlink:arcrole="http://www.xbrl.org/2003/arcrole/parent-child" xlink:from="loc_LiabilitiesAndStockholdersEquityAbstract" xlink:to="loc_OtherLiabilitiesNoncurrent" order="60" use="optional" preferredLabel="http://www.xbrl.org/2003/role/totalLabel" />
    <loc xlink:type="locator" xlink:href="http://taxonomies.xbrl.us/us-gaap/2009/elts/us-gaap-2009-01-31.xsd#us-gaap_Liabilities" xlink:label="loc_Liabilities" />
    <presentationArc xlink:type="arc" xlink:arcrole="http://www.xbrl.org/2003/arcrole/parent-child" xlink:from="loc_LiabilitiesAndStockholdersEquityAbstract" xlink:to="loc_Liabilities" order="80" use="optional" preferredLabel="http://www.xbrl.org/2003/role/verboseLabel" />
    <loc xlink:type="locator" xlink:href="http://taxonomies.xbrl.us/us-gaap/2009/elts/us-gaap-2009-01-31.xsd#us-gaap_CommitmentsAndContingencies2009" xlink:label="loc_CommitmentsAndContingencies2009" />
    <presentationArc xlink:type="arc" xlink:arcrole="http://www.xbrl.org/2003/arcrole/parent-child" xlink:from="loc_LiabilitiesAndStockholdersEquityAbstract" xlink:to="loc_CommitmentsAndContingencies2009" order="100" use="optional" preferredLabel="http://www.xbrl.org/2003/role/verboseLabel" />
    <loc xlink:type="locator" xlink:href="http://taxonomies.xbrl.us/us-gaap/2009/elts/us-gaap-2009-01-31.xsd#us-gaap_StockholdersEquityAbstract" xlink:label="loc_StockholdersEquityAbstract" />
    <presentationArc xlink:type="arc" xlink:arcrole="http://www.xbrl.org/2003/arcrole/parent-child" xlink:from="loc_LiabilitiesAndStockholdersEquityAbstract" xlink:to="loc_StockholdersEquityAbstract" order="120" use="optional" preferredLabel="http://www.xbrl.org/2003/role/verboseLabel" />
    <loc xlink:type="locator" xlink:href="http://taxonomies.xbrl.us/us-gaap/2009/elts/us-gaap-2009-01-31.xsd#us-gaap_AdditionalPaidInCapital" xlink:label="loc_AdditionalPaidInCapital" />
    <presentationArc xlink:type="arc" xlink:arcrole="http://www.xbrl.org/2003/arcrole/parent-child" xlink:from="loc_StockholdersEquityAbstract" xlink:to="loc_AdditionalPaidInCapital" order="60" use="optional" preferredLabel="http://www.xbrl.org/2003/role/verboseLabel" />
    <loc xlink:type="locator" xlink:href="http://taxonomies.xbrl.us/us-gaap/2009/elts/us-gaap-2009-01-31.xsd#us-gaap_AccumulatedOtherComprehensiveIncomeLossNetOfTax" xlink:label="loc_AccumulatedOtherComprehensiveIncomeLossNetOfTax" />
    <presentationArc xlink:type="arc" xlink:arcrole="http://www.xbrl.org/2003/arcrole/parent-child" xlink:from="loc_StockholdersEquityAbstract" xlink:to="loc_AccumulatedOtherComprehensiveIncomeLossNetOfTax" order="80" use="optional" preferredLabel="http://www.xbrl.org/2003/role/verboseLabel" />
    <loc xlink:type="locator" xlink:href="http://taxonomies.xbrl.us/us-gaap/2009/elts/us-gaap-2009-01-31.xsd#us-gaap_RetainedEarningsAccumulatedDeficit" xlink:label="loc_RetainedEarningsAccumulatedDeficit" />
    <presentationArc xlink:type="arc" xlink:arcrole="http://www.xbrl.org/2003/arcrole/parent-child" xlink:from="loc_StockholdersEquityAbstract" xlink:to="loc_RetainedEarningsAccumulatedDeficit" order="100" use="optional" preferredLabel="http://www.xbrl.org/2003/role/totalLabel" />
    <loc xlink:type="locator" xlink:href="http://taxonomies.xbrl.us/us-gaap/2009/elts/us-gaap-2009-01-31.xsd#us-gaap_StockholdersEquity" xlink:label="loc_StockholdersEquity" />
    <presentationArc xlink:type="arc" xlink:arcrole="http://www.xbrl.org/2003/arcrole/parent-child" xlink:from="loc_StockholdersEquityAbstract" xlink:to="loc_StockholdersEquity" order="140" use="optional" preferredLabel="http://www.xbrl.org/2003/role/totalLabel" />
    <loc xlink:type="locator" xlink:href="http://taxonomies.xbrl.us/us-gaap/2009/elts/us-gaap-2009-01-31.xsd#us-gaap_LiabilitiesAndStockholdersEquity" xlink:label="loc_LiabilitiesAndStockholdersEquity" />
    <presentationArc xlink:type="arc" xlink:arcrole="http://www.xbrl.org/2003/arcrole/parent-child" xlink:from="loc_LiabilitiesAndStockholdersEquityAbstract" xlink:to="loc_LiabilitiesAndStockholdersEquity" order="140" use="optional" preferredLabel="http://www.xbrl.org/2003/role/totalLabel" />
    <loc xlink:type="locator" xlink:href="wdc-20100101.xsd#wdc_IntangiblesNet" xlink:label="wdc_IntangiblesNet" />
    <presentationArc xlink:type="arc" xlink:arcrole="http://www.xbrl.org/2003/arcrole/parent-child" xlink:from="loc_AssetsAbstract" xlink:to="wdc_IntangiblesNet" order="80" use="optional" preferredLabel="http://www.xbrl.org/2003/role/verboseLabel" />
    <loc xlink:type="locator" xlink:href="wdc-20100101.xsd#wdc_CommonStockValues" xlink:label="wdc_CommonStockValues" />
    <presentationArc xlink:type="arc" xlink:arcrole="http://www.xbrl.org/2003/arcrole/parent-child" xlink:from="loc_StockholdersEquityAbstract" xlink:to="wdc_CommonStockValues" order="40" use="optional" preferredLabel="http://www.xbrl.org/2003/role/verboseLabel" />
    <loc xlink:type="locator" xlink:href="wdc-20100101.xsd#wdc_PreferredStockValues" xlink:label="wdc_PreferredStockValues" />
    <presentationArc xlink:type="arc" xlink:arcrole="http://www.xbrl.org/2003/arcrole/parent-child" xlink:from="loc_StockholdersEquityAbstract" xlink:to="wdc_PreferredStockValues" order="20" use="optional" preferredLabel="http://www.xbrl.org/2003/role/verboseLabel" />
  </presentationLink>
  <presentationLink xlink:type="extended" xlink:role="http://westerndigital.com/role/StatementsOfIncome" xlink:title="02 - Statement - Condensed Consolidated Statements of Income (Unaudited)">
    <loc xlink:type="locator" xlink:href="http://taxonomies.xbrl.us/us-gaap/2009/elts/us-gaap-2009-01-31.xsd#us-gaap_IncomeStatementAbstract" xlink:label="loc_IncomeStatementAbstract" />
    <loc xlink:type="locator" xlink:href="http://taxonomies.xbrl.us/us-gaap/2009/elts/us-gaap-2009-01-31.xsd#us-gaap_StatementTable" xlink:label="loc_StatementTable" />
    <presentationArc xlink:type="arc" xlink:arcrole="http://www.xbrl.org/2003/arcrole/parent-child" xlink:from="loc_IncomeStatementAbstract" xlink:to="loc_StatementTable" order="20" use="optional" />
    <loc xlink:type="locator" xlink:href="http://taxonomies.xbrl.us/us-gaap/2009/elts/us-gaap-2009-01-31.xsd#us-gaap_StatementLineItems" xlink:label="loc_StatementLineItems" />
    <presentationArc xlink:type="arc" xlink:arcrole="http://www.xbrl.org/2003/arcrole/parent-child" xlink:from="loc_StatementTable" xlink:to="loc_StatementLineItems" order="20" use="optional" />
    <loc xlink:type="locator" xlink:href="http://taxonomies.xbrl.us/us-gaap/2009/elts/us-gaap-2009-01-31.xsd#us-gaap_SalesRevenueGoodsNet" xlink:label="loc_SalesRevenueGoodsNet" />
    <presentationArc xlink:type="arc" xlink:arcrole="http://www.xbrl.org/2003/arcrole/parent-child" xlink:from="loc_StatementLineItems" xlink:to="loc_SalesRevenueGoodsNet" order="20" use="optional" preferredLabel="http://www.xbrl.org/2003/role/verboseLabel" />
    <loc xlink:type="locator" xlink:href="http://taxonomies.xbrl.us/us-gaap/2009/elts/us-gaap-2009-01-31.xsd#us-gaap_CostOfGoodsSold" xlink:label="loc_CostOfGoodsSold" />
    <presentationArc xlink:type="arc" xlink:arcrole="http://www.xbrl.org/2003/arcrole/parent-child" xlink:from="loc_StatementLineItems" xlink:to="loc_CostOfGoodsSold" order="40" use="optional" preferredLabel="http://www.xbrl.org/2003/role/totalLabel" />
    <loc xlink:type="locator" xlink:href="http://taxonomies.xbrl.us/us-gaap/2009/elts/us-gaap-2009-01-31.xsd#us-gaap_GrossProfit" xlink:label="loc_GrossProfit" />
    <presentationArc xlink:type="arc" xlink:arcrole="http://www.xbrl.org/2003/arcrole/parent-child" xlink:from="loc_StatementLineItems" xlink:to="loc_GrossProfit" order="60" use="optional" preferredLabel="http://www.xbrl.org/2003/role/totalLabel" />
    <loc xlink:type="locator" xlink:href="http://taxonomies.xbrl.us/us-gaap/2009/elts/us-gaap-2009-01-31.xsd#us-gaap_OperatingExpensesAbstract" xlink:label="loc_OperatingExpensesAbstract" />
    <presentationArc xlink:type="arc" xlink:arcrole="http://www.xbrl.org/2003/arcrole/parent-child" xlink:from="loc_StatementLineItems" xlink:to="loc_OperatingExpensesAbstract" order="80" use="optional" preferredLabel="http://www.xbrl.org/2003/role/verboseLabel" />
    <loc xlink:type="locator" xlink:href="http://taxonomies.xbrl.us/us-gaap/2009/elts/us-gaap-2009-01-31.xsd#us-gaap_ResearchAndDevelopmentExpenseExcludingAcquiredInProcessCost" xlink:label="loc_ResearchAndDevelopmentExpenseExcludingAcquiredInProcessCost" />
    <presentationArc xlink:type="arc" xlink:arcrole="http://www.xbrl.org/2003/arcrole/parent-child" xlink:from="loc_OperatingExpensesAbstract" xlink:to="loc_ResearchAndDevelopmentExpenseExcludingAcquiredInProcessCost" order="20" use="optional" preferredLabel="http://www.xbrl.org/2003/role/verboseLabel" />
    <loc xlink:type="locator" xlink:href="http://taxonomies.xbrl.us/us-gaap/2009/elts/us-gaap-2009-01-31.xsd#us-gaap_OperatingExpenses" xlink:label="loc_OperatingExpenses" />
    <presentationArc xlink:type="arc" xlink:arcrole="http://www.xbrl.org/2003/arcrole/parent-child" xlink:from="loc_OperatingExpensesAbstract" xlink:to="loc_OperatingExpenses" order="100" use="optional" preferredLabel="http://www.xbrl.org/2003/role/totalLabel" />
    <loc xlink:type="locator" xlink:href="http://taxonomies.xbrl.us/us-gaap/2009/elts/us-gaap-2009-01-31.xsd#us-gaap_OperatingIncomeLoss" xlink:label="loc_OperatingIncomeLoss" />
    <presentationArc xlink:type="arc" xlink:arcrole="http://www.xbrl.org/2003/arcrole/parent-child" xlink:from="loc_StatementLineItems" xlink:to="loc_OperatingIncomeLoss" order="100" use="optional" preferredLabel="http://www.xbrl.org/2003/role/verboseLabel" />
    <loc xlink:type="locator" xlink:href="http://taxonomies.xbrl.us/us-gaap/2009/elts/us-gaap-2009-01-31.xsd#us-gaap_NonoperatingIncomeExpenseAbstract" xlink:label="loc_NonoperatingIncomeExpenseAbstract" />
    <presentationArc xlink:type="arc" xlink:arcrole="http://www.xbrl.org/2003/arcrole/parent-child" xlink:from="loc_StatementLineItems" xlink:to="loc_NonoperatingIncomeExpenseAbstract" order="120" use="optional" preferredLabel="http://www.xbrl.org/2003/role/verboseLabel" />
    <loc xlink:type="locator" xlink:href="http://taxonomies.xbrl.us/us-gaap/2009/elts/us-gaap-2009-01-31.xsd#us-gaap_InvestmentIncomeInterest" xlink:label="loc_InvestmentIncomeInterest" />
    <presentationArc xlink:type="arc" xlink:arcrole="http://www.xbrl.org/2003/arcrole/parent-child" xlink:from="loc_NonoperatingIncomeExpenseAbstract" xlink:to="loc_InvestmentIncomeInterest" order="20" use="optional" preferredLabel="http://www.xbrl.org/2003/role/verboseLabel" />
    <loc xlink:type="locator" xlink:href="wdc-20100101.xsd#wdc_InterestAndOtherExpense" xlink:label="wdc_InterestAndOtherExpense_2" />
    <presentationArc xlink:type="arc" xlink:arcrole="http://www.xbrl.org/2003/arcrole/parent-child" xlink:from="loc_NonoperatingIncomeExpenseAbstract" xlink:to="wdc_InterestAndOtherExpense_2" order="40" use="optional" preferredLabel="http://www.xbrl.org/2003/role/totalLabel" />
    <loc xlink:type="locator" xlink:href="http://taxonomies.xbrl.us/us-gaap/2009/elts/us-gaap-2009-01-31.xsd#us-gaap_NonoperatingIncomeExpense" xlink:label="loc_NonoperatingIncomeExpense" />
    <presentationArc xlink:type="arc" xlink:arcrole="http://www.xbrl.org/2003/arcrole/parent-child" xlink:from="loc_NonoperatingIncomeExpenseAbstract" xlink:to="loc_NonoperatingIncomeExpense" order="60" use="optional" preferredLabel="http://www.xbrl.org/2003/role/totalLabel" priority="1" />
    <loc xlink:type="locator" xlink:href="http://taxonomies.xbrl.us/us-gaap/2009/elts/us-gaap-2009-01-31.xsd#us-gaap_IncomeLossFromContinuingOperationsBeforeIncomeTaxesMinorityInterestAndIncomeLossFromEquityMethodInvestments" xlink:label="loc_IncomeLossFromContinuingOperationsBeforeIncomeTaxesMinorityInterestAndIncomeLossFromEquityMethodInvestments" />
    <presentationArc xlink:type="arc" xlink:arcrole="http://www.xbrl.org/2003/arcrole/parent-child" xlink:from="loc_StatementLineItems" xlink:to="loc_IncomeLossFromContinuingOperationsBeforeIncomeTaxesMinorityInterestAndIncomeLossFromEquityMethodInvestments" order="140" use="optional" preferredLabel="http://www.xbrl.org/2003/role/verboseLabel" />
    <loc xlink:type="locator" xlink:href="http://taxonomies.xbrl.us/us-gaap/2009/elts/us-gaap-2009-01-31.xsd#us-gaap_IncomeTaxExpenseBenefit" xlink:label="loc_IncomeTaxExpenseBenefit" />
    <presentationArc xlink:type="arc" xlink:arcrole="http://www.xbrl.org/2003/arcrole/parent-child" xlink:from="loc_StatementLineItems" xlink:to="loc_IncomeTaxExpenseBenefit" order="160" use="optional" preferredLabel="http://www.xbrl.org/2003/role/totalLabel" />
    <loc xlink:type="locator" xlink:href="http://taxonomies.xbrl.us/us-gaap/2009/elts/us-gaap-2009-01-31.xsd#us-gaap_NetIncomeLoss" xlink:label="loc_NetIncomeLoss" />
    <presentationArc xlink:type="arc" xlink:arcrole="http://www.xbrl.org/2003/arcrole/parent-child" xlink:from="loc_StatementLineItems" xlink:to="loc_NetIncomeLoss" order="180" use="optional" preferredLabel="http://www.xbrl.org/2003/role/totalLabel" />
    <loc xlink:type="locator" xlink:href="http://taxonomies.xbrl.us/us-gaap/2009/elts/us-gaap-2009-01-31.xsd#us-gaap_EarningsPerShareAbstract" xlink:label="loc_EarningsPerShareAbstract" />
    <presentationArc xlink:type="arc" xlink:arcrole="http://www.xbrl.org/2003/arcrole/parent-child" xlink:from="loc_StatementLineItems" xlink:to="loc_EarningsPerShareAbstract" order="200" use="optional" preferredLabel="http://www.xbrl.org/2003/role/verboseLabel" />
    <loc xlink:type="locator" xlink:href="http://taxonomies.xbrl.us/us-gaap/2009/elts/us-gaap-2009-01-31.xsd#us-gaap_EarningsPerShareBasic" xlink:label="loc_EarningsPerShareBasic" />
    <presentationArc xlink:type="arc" xlink:arcrole="http://www.xbrl.org/2003/arcrole/parent-child" xlink:from="loc_EarningsPerShareAbstract" xlink:to="loc_EarningsPerShareBasic" order="20" use="optional" preferredLabel="http://www.xbrl.org/2003/role/totalLabel" />
    <loc xlink:type="locator" xlink:href="http://taxonomies.xbrl.us/us-gaap/2009/elts/us-gaap-2009-01-31.xsd#us-gaap_EarningsPerShareDiluted" xlink:label="loc_EarningsPerShareDiluted" />
    <presentationArc xlink:type="arc" xlink:arcrole="http://www.xbrl.org/2003/arcrole/parent-child" xlink:from="loc_EarningsPerShareAbstract" xlink:to="loc_EarningsPerShareDiluted" order="40" use="optional" preferredLabel="http://www.xbrl.org/2003/role/totalLabel" />
    <loc xlink:type="locator" xlink:href="http://taxonomies.xbrl.us/us-gaap/2009/elts/us-gaap-2009-01-31.xsd#us-gaap_WeightedAverageNumberOfSharesOutstandingAbstract" xlink:label="loc_WeightedAverageNumberOfSharesOutstandingAbstract" />
    <presentationArc xlink:type="arc" xlink:arcrole="http://www.xbrl.org/2003/arcrole/parent-child" xlink:from="loc_StatementLineItems" xlink:to="loc_WeightedAverageNumberOfSharesOutstandingAbstract" order="220" use="optional" preferredLabel="http://www.xbrl.org/2003/role/verboseLabel" />
    <loc xlink:type="locator" xlink:href="http://taxonomies.xbrl.us/us-gaap/2009/elts/us-gaap-2009-01-31.xsd#us-gaap_WeightedAverageNumberOfSharesOutstandingBasic" xlink:label="us-gaap_WeightedAverageNumberOfSharesOutstandingBasic_633589124231459337" />
    <presentationArc xlink:type="arc" xlink:arcrole="http://www.xbrl.org/2003/arcrole/parent-child" xlink:from="loc_WeightedAverageNumberOfSharesOutstandingAbstract" xlink:to="us-gaap_WeightedAverageNumberOfSharesOutstandingBasic_633589124231459337" order="20" use="optional" preferredLabel="http://www.xbrl.org/2003/role/totalLabel" />
    <loc xlink:type="locator" xlink:href="http://taxonomies.xbrl.us/us-gaap/2009/elts/us-gaap-2009-01-31.xsd#us-gaap_WeightedAverageNumberOfDilutedSharesOutstanding" xlink:label="loc_WeightedAverageNumberOfDilutedSharesOutstanding" />
    <presentationArc xlink:type="arc" xlink:arcrole="http://www.xbrl.org/2003/arcrole/parent-child" xlink:from="loc_WeightedAverageNumberOfSharesOutstandingAbstract" xlink:to="loc_WeightedAverageNumberOfDilutedSharesOutstanding" order="40" use="optional" preferredLabel="http://www.xbrl.org/2003/role/totalLabel" />
    <loc xlink:type="locator" xlink:href="wdc-20100101.xsd#wdc_SellingGeneralAndAdministrativeExpenseOperatingExpenses" xlink:label="wdc_SellingGeneralAndAdministrativeExpenseOperatingExpenses" />
    <presentationArc xlink:type="arc" xlink:arcrole="http://www.xbrl.org/2003/arcrole/parent-child" xlink:from="loc_OperatingExpensesAbstract" xlink:to="wdc_SellingGeneralAndAdministrativeExpenseOperatingExpenses" order="25" use="optional" preferredLabel="http://www.xbrl.org/2003/role/verboseLabel" />
    <loc xlink:type="locator" xlink:href="http://taxonomies.xbrl.us/us-gaap/2009/elts/us-gaap-2009-01-31.xsd#us-gaap_RestructuringCharges" xlink:label="loc_RestructuringCharges" />
    <presentationArc xlink:type="arc" xlink:arcrole="http://www.xbrl.org/2003/arcrole/parent-child" xlink:from="loc_OperatingExpensesAbstract" xlink:to="loc_RestructuringCharges" order="62.5" use="optional" preferredLabel="http://www.xbrl.org/2003/role/totalLabel" />
  </presentationLink>
  <presentationLink xlink:type="extended" xlink:role="http://westerndigital.com/role/StatementsOfCashFlows" xlink:title="03 - Statement - Condensed Consolidated Statements of Cash Flows (Unaudited)">
    <loc xlink:type="locator" xlink:href="http://taxonomies.xbrl.us/us-gaap/2009/elts/us-gaap-2009-01-31.xsd#us-gaap_StatementOfCashFlowsAbstract" xlink:label="loc_StatementOfCashFlowsAbstract" />
    <loc xlink:type="locator" xlink:href="http://taxonomies.xbrl.us/us-gaap/2009/elts/us-gaap-2009-01-31.xsd#us-gaap_StatementTable" xlink:label="loc_StatementTable" />
    <presentationArc xlink:type="arc" xlink:arcrole="http://www.xbrl.org/2003/arcrole/parent-child" xlink:from="loc_StatementOfCashFlowsAbstract" xlink:to="loc_StatementTable" order="20" use="optional" />
    <loc xlink:type="locator" xlink:href="http://taxonomies.xbrl.us/us-gaap/2009/elts/us-gaap-2009-01-31.xsd#us-gaap_StatementLineItems" xlink:label="loc_StatementLineItems" />
    <presentationArc xlink:type="arc" xlink:arcrole="http://www.xbrl.org/2003/arcrole/parent-child" xlink:from="loc_StatementTable" xlink:to="loc_StatementLineItems" order="20" use="optional" />
    <loc xlink:type="locator" xlink:href="http://taxonomies.xbrl.us/us-gaap/2009/elts/us-gaap-2009-01-31.xsd#us-gaap_NetCashProvidedByUsedInOperatingActivitiesAbstract" xlink:label="loc_NetCashProvidedByUsedInOperatingActivitiesAbstract" />
    <presentationArc xlink:type="arc" xlink:arcrole="http://www.xbrl.org/2003/arcrole/parent-child" xlink:from="loc_StatementLineItems" xlink:to="loc_NetCashProvidedByUsedInOperatingActivitiesAbstract" order="20" use="optional" preferredLabel="http://www.xbrl.org/2003/role/verboseLabel" />
    <loc xlink:type="locator" xlink:href="http://taxonomies.xbrl.us/us-gaap/2009/elts/us-gaap-2009-01-31.xsd#us-gaap_NetIncomeLoss" xlink:label="loc_NetIncomeLoss" />
    <presentationArc xlink:type="arc" xlink:arcrole="http://www.xbrl.org/2003/arcrole/parent-child" xlink:from="loc_NetCashProvidedByUsedInOperatingActivitiesAbstract" xlink:to="loc_NetIncomeLoss" order="20" use="optional" preferredLabel="http://www.xbrl.org/2003/role/verboseLabel" />
    <loc xlink:type="locator" xlink:href="http://taxonomies.xbrl.us/us-gaap/2009/elts/us-gaap-2009-01-31.xsd#us-gaap_AdjustmentsToReconcileNetIncomeLossToCashProvidedByUsedInOperatingActivitiesAbstract" xlink:label="loc_AdjustmentsToReconcileNetIncomeLossToCashProvidedByUsedInOperatingActivitiesAbstract" />
    <presentationArc xlink:type="arc" xlink:arcrole="http://www.xbrl.org/2003/arcrole/parent-child" xlink:from="loc_NetCashProvidedByUsedInOperatingActivitiesAbstract" xlink:to="loc_AdjustmentsToReconcileNetIncomeLossToCashProvidedByUsedInOperatingActivitiesAbstract" order="40" use="optional" preferredLabel="http://www.xbrl.org/2003/role/verboseLabel" />
    <loc xlink:type="locator" xlink:href="http://taxonomies.xbrl.us/us-gaap/2009/elts/us-gaap-2009-01-31.xsd#us-gaap_DepreciationAndAmortization" xlink:label="loc_DepreciationAndAmortization" />
    <presentationArc xlink:type="arc" xlink:arcrole="http://www.xbrl.org/2003/arcrole/parent-child" xlink:from="loc_AdjustmentsToReconcileNetIncomeLossToCashProvidedByUsedInOperatingActivitiesAbstract" xlink:to="loc_DepreciationAndAmortization" order="20" use="optional" preferredLabel="http://www.xbrl.org/2003/role/verboseLabel" />
    <loc xlink:type="locator" xlink:href="http://taxonomies.xbrl.us/us-gaap/2009/elts/us-gaap-2009-01-31.xsd#us-gaap_ShareBasedCompensation" xlink:label="loc_ShareBasedCompensation" />
    <presentationArc xlink:type="arc" xlink:arcrole="http://www.xbrl.org/2003/arcrole/parent-child" xlink:from="loc_AdjustmentsToReconcileNetIncomeLossToCashProvidedByUsedInOperatingActivitiesAbstract" xlink:to="loc_ShareBasedCompensation" order="40" use="optional" preferredLabel="http://www.xbrl.org/2003/role/verboseLabel" />
    <loc xlink:type="locator" xlink:href="http://taxonomies.xbrl.us/us-gaap/2009/elts/us-gaap-2009-01-31.xsd#us-gaap_IncreaseDecreaseInOperatingCapitalAbstract" xlink:label="loc_IncreaseDecreaseInOperatingCapitalAbstract" />
    <presentationArc xlink:type="arc" xlink:arcrole="http://www.xbrl.org/2003/arcrole/parent-child" xlink:from="loc_AdjustmentsToReconcileNetIncomeLossToCashProvidedByUsedInOperatingActivitiesAbstract" xlink:to="loc_IncreaseDecreaseInOperatingCapitalAbstract" order="140" use="optional" preferredLabel="http://www.xbrl.org/2003/role/verboseLabel" />
    <loc xlink:type="locator" xlink:href="http://taxonomies.xbrl.us/us-gaap/2009/elts/us-gaap-2009-01-31.xsd#us-gaap_IncreaseDecreaseInAccountsReceivable" xlink:label="loc_IncreaseDecreaseInAccountsReceivable" />
    <presentationArc xlink:type="arc" xlink:arcrole="http://www.xbrl.org/2003/arcrole/parent-child" xlink:from="loc_IncreaseDecreaseInOperatingCapitalAbstract" xlink:to="loc_IncreaseDecreaseInAccountsReceivable" order="20" use="optional" preferredLabel="http://www.xbrl.org/2003/role/verboseLabel" />
    <loc xlink:type="locator" xlink:href="http://taxonomies.xbrl.us/us-gaap/2009/elts/us-gaap-2009-01-31.xsd#us-gaap_IncreaseDecreaseInInventories" xlink:label="loc_IncreaseDecreaseInInventories" />
    <presentationArc xlink:type="arc" xlink:arcrole="http://www.xbrl.org/2003/arcrole/parent-child" xlink:from="loc_IncreaseDecreaseInOperatingCapitalAbstract" xlink:to="loc_IncreaseDecreaseInInventories" order="40" use="optional" preferredLabel="http://www.xbrl.org/2003/role/verboseLabel" priority="1" />
    <loc xlink:type="locator" xlink:href="http://taxonomies.xbrl.us/us-gaap/2009/elts/us-gaap-2009-01-31.xsd#us-gaap_IncreaseDecreaseInAccountsPayableTrade" xlink:label="loc_IncreaseDecreaseInAccountsPayableTrade" />
    <presentationArc xlink:type="arc" xlink:arcrole="http://www.xbrl.org/2003/arcrole/parent-child" xlink:from="loc_IncreaseDecreaseInOperatingCapitalAbstract" xlink:to="loc_IncreaseDecreaseInAccountsPayableTrade" order="60" use="optional" preferredLabel="http://www.xbrl.org/2003/role/verboseLabel" />
    <loc xlink:type="locator" xlink:href="http://taxonomies.xbrl.us/us-gaap/2009/elts/us-gaap-2009-01-31.xsd#us-gaap_IncreaseDecreaseInAccruedLiabilities" xlink:label="loc_IncreaseDecreaseInAccruedLiabilities" />
    <presentationArc xlink:type="arc" xlink:arcrole="http://www.xbrl.org/2003/arcrole/parent-child" xlink:from="loc_IncreaseDecreaseInOperatingCapitalAbstract" xlink:to="loc_IncreaseDecreaseInAccruedLiabilities" order="80" use="optional" preferredLabel="http://www.xbrl.org/2003/role/verboseLabel" priority="1" />
    <loc xlink:type="locator" xlink:href="http://taxonomies.xbrl.us/us-gaap/2009/elts/us-gaap-2009-01-31.xsd#us-gaap_IncreaseDecreaseInOtherOperatingCapitalNet" xlink:label="loc_IncreaseDecreaseInOtherOperatingCapitalNet" />
    <presentationArc xlink:type="arc" xlink:arcrole="http://www.xbrl.org/2003/arcrole/parent-child" xlink:from="loc_IncreaseDecreaseInOperatingCapitalAbstract" xlink:to="loc_IncreaseDecreaseInOtherOperatingCapitalNet" order="100" use="optional" preferredLabel="http://www.xbrl.org/2003/role/totalLabel" priority="1" />
    <loc xlink:type="locator" xlink:href="http://taxonomies.xbrl.us/us-gaap/2009/elts/us-gaap-2009-01-31.xsd#us-gaap_NetCashProvidedByUsedInInvestingActivitiesAbstract" xlink:label="loc_NetCashProvidedByUsedInInvestingActivitiesAbstract" />
    <presentationArc xlink:type="arc" xlink:arcrole="http://www.xbrl.org/2003/arcrole/parent-child" xlink:from="loc_StatementLineItems" xlink:to="loc_NetCashProvidedByUsedInInvestingActivitiesAbstract" order="40" use="optional" preferredLabel="http://www.xbrl.org/2003/role/verboseLabel" />
    <loc xlink:type="locator" xlink:href="http://taxonomies.xbrl.us/us-gaap/2009/elts/us-gaap-2009-01-31.xsd#us-gaap_PaymentsToAcquireProductiveAssets" xlink:label="loc_PaymentsToAcquireProductiveAssets" />
    <presentationArc xlink:type="arc" xlink:arcrole="http://www.xbrl.org/2003/arcrole/parent-child" xlink:from="loc_NetCashProvidedByUsedInInvestingActivitiesAbstract" xlink:to="loc_PaymentsToAcquireProductiveAssets" order="40" use="optional" preferredLabel="http://xbrl.us/us-gaap/role/label/negated" />
    <loc xlink:type="locator" xlink:href="http://taxonomies.xbrl.us/us-gaap/2009/elts/us-gaap-2009-01-31.xsd#us-gaap_PaymentsForProceedsFromInvestments" xlink:label="loc_PaymentsForProceedsFromInvestments" />
    <presentationArc xlink:type="arc" xlink:arcrole="http://www.xbrl.org/2003/arcrole/parent-child" xlink:from="loc_NetCashProvidedByUsedInInvestingActivitiesAbstract" xlink:to="loc_PaymentsForProceedsFromInvestments" order="80" use="optional" preferredLabel="http://xbrl.us/us-gaap/role/label/negatedTotal" />
    <loc xlink:type="locator" xlink:href="http://taxonomies.xbrl.us/us-gaap/2009/elts/us-gaap-2009-01-31.xsd#us-gaap_NetCashProvidedByUsedInInvestingActivities" xlink:label="loc_NetCashProvidedByUsedInInvestingActivities" />
    <presentationArc xlink:type="arc" xlink:arcrole="http://www.xbrl.org/2003/arcrole/parent-child" xlink:from="loc_NetCashProvidedByUsedInInvestingActivitiesAbstract" xlink:to="loc_NetCashProvidedByUsedInInvestingActivities" order="100" use="optional" preferredLabel="http://www.xbrl.org/2003/role/totalLabel" />
    <loc xlink:type="locator" xlink:href="http://taxonomies.xbrl.us/us-gaap/2009/elts/us-gaap-2009-01-31.xsd#us-gaap_NetCashProvidedByUsedInFinancingActivitiesAbstract" xlink:label="loc_NetCashProvidedByUsedInFinancingActivitiesAbstract" />
    <presentationArc xlink:type="arc" xlink:arcrole="http://www.xbrl.org/2003/arcrole/parent-child" xlink:from="loc_StatementLineItems" xlink:to="loc_NetCashProvidedByUsedInFinancingActivitiesAbstract" order="60" use="optional" preferredLabel="http://www.xbrl.org/2003/role/verboseLabel" />
    <loc xlink:type="locator" xlink:href="http://taxonomies.xbrl.us/us-gaap/2009/elts/us-gaap-2009-01-31.xsd#us-gaap_ProceedsFromIssuanceOfSharesUnderIncentiveAndShareBasedCompensationPlans" xlink:label="us-gaap_ProceedsFromIssuanceOfSharesUnderIncentiveAndShareBasedCompensationPlans_633589005708437500" />
    <presentationArc xlink:type="arc" xlink:arcrole="http://www.xbrl.org/2003/arcrole/parent-child" xlink:from="loc_NetCashProvidedByUsedInFinancingActivitiesAbstract" xlink:to="us-gaap_ProceedsFromIssuanceOfSharesUnderIncentiveAndShareBasedCompensationPlans_633589005708437500" order="20" use="optional" preferredLabel="http://www.xbrl.org/2003/role/verboseLabel" />
    <loc xlink:type="locator" xlink:href="http://taxonomies.xbrl.us/us-gaap/2009/elts/us-gaap-2009-01-31.xsd#us-gaap_ExcessTaxBenefitFromShareBasedCompensationFinancingActivities" xlink:label="us-gaap_ExcessTaxBenefitFromShareBasedCompensationFinancingActivities_633589009037656250" />
    <presentationArc xlink:type="arc" xlink:arcrole="http://www.xbrl.org/2003/arcrole/parent-child" xlink:from="loc_NetCashProvidedByUsedInFinancingActivitiesAbstract" xlink:to="us-gaap_ExcessTaxBenefitFromShareBasedCompensationFinancingActivities_633589009037656250" order="60" use="optional" preferredLabel="http://www.xbrl.org/2003/role/verboseLabel" />
    <loc xlink:type="locator" xlink:href="http://taxonomies.xbrl.us/us-gaap/2009/elts/us-gaap-2009-01-31.xsd#us-gaap_PaymentsForRepurchaseOfCommonStock" xlink:label="us-gaap_PaymentsForRepurchaseOfCommonStock_633589007371093750" />
    <presentationArc xlink:type="arc" xlink:arcrole="http://www.xbrl.org/2003/arcrole/parent-child" xlink:from="loc_NetCashProvidedByUsedInFinancingActivitiesAbstract" xlink:to="us-gaap_PaymentsForRepurchaseOfCommonStock_633589007371093750" order="80" use="optional" preferredLabel="http://xbrl.us/us-gaap/role/label/negated" />
    <loc xlink:type="locator" xlink:href="http://taxonomies.xbrl.us/us-gaap/2009/elts/us-gaap-2009-01-31.xsd#us-gaap_RepaymentsOfLongTermDebt" xlink:label="loc_RepaymentsOfLongTermDebt" />
    <presentationArc xlink:type="arc" xlink:arcrole="http://www.xbrl.org/2003/arcrole/parent-child" xlink:from="loc_NetCashProvidedByUsedInFinancingActivitiesAbstract" xlink:to="loc_RepaymentsOfLongTermDebt" order="140" use="optional" preferredLabel="http://xbrl.us/us-gaap/role/label/negatedTotal" />
    <loc xlink:type="locator" xlink:href="http://taxonomies.xbrl.us/us-gaap/2009/elts/us-gaap-2009-01-31.xsd#us-gaap_NetCashProvidedByUsedInFinancingActivities" xlink:label="loc_NetCashProvidedByUsedInFinancingActivities" />
    <presentationArc xlink:type="arc" xlink:arcrole="http://www.xbrl.org/2003/arcrole/parent-child" xlink:from="loc_NetCashProvidedByUsedInFinancingActivitiesAbstract" xlink:to="loc_NetCashProvidedByUsedInFinancingActivities" order="160" use="optional" preferredLabel="http://www.xbrl.org/2003/role/totalLabel" />
    <loc xlink:type="locator" xlink:href="http://taxonomies.xbrl.us/us-gaap/2009/elts/us-gaap-2009-01-31.xsd#us-gaap_CashAndCashEquivalentsPeriodIncreaseDecrease" xlink:label="loc_CashAndCashEquivalentsPeriodIncreaseDecrease" />
    <presentationArc xlink:type="arc" xlink:arcrole="http://www.xbrl.org/2003/arcrole/parent-child" xlink:from="loc_StatementLineItems" xlink:to="loc_CashAndCashEquivalentsPeriodIncreaseDecrease" order="80" use="optional" preferredLabel="http://www.xbrl.org/2003/role/verboseLabel" />
    <loc xlink:type="locator" xlink:href="http://taxonomies.xbrl.us/us-gaap/2009/elts/us-gaap-2009-01-31.xsd#us-gaap_CashAndCashEquivalentsAtCarryingValue" xlink:label="loc_CashAndCashEquivalentsAtCarryingValue" />
    <presentationArc xlink:type="arc" xlink:arcrole="http://www.xbrl.org/2003/arcrole/parent-child" xlink:from="loc_StatementLineItems" xlink:to="loc_CashAndCashEquivalentsAtCarryingValue" order="100" use="optional" preferredLabel="http://www.xbrl.org/2003/role/periodStartLabel" />
    <loc xlink:type="locator" xlink:href="http://taxonomies.xbrl.us/us-gaap/2009/elts/us-gaap-2009-01-31.xsd#us-gaap_CashAndCashEquivalentsAtCarryingValue" xlink:label="loc_CashAndCashEquivalentsAtCarryingValue_1" />
    <presentationArc xlink:type="arc" xlink:arcrole="http://www.xbrl.org/2003/arcrole/parent-child" xlink:from="loc_StatementLineItems" xlink:to="loc_CashAndCashEquivalentsAtCarryingValue_1" order="120" use="optional" preferredLabel="http://www.xbrl.org/2003/role/periodEndLabel" />
    <loc xlink:type="locator" xlink:href="http://taxonomies.xbrl.us/us-gaap/2009/elts/us-gaap-2009-01-31.xsd#us-gaap_SupplementalCashFlowInformationAbstract" xlink:label="loc_SupplementalCashFlowInformationAbstract" />
    <presentationArc xlink:type="arc" xlink:arcrole="http://www.xbrl.org/2003/arcrole/parent-child" xlink:from="loc_StatementLineItems" xlink:to="loc_SupplementalCashFlowInformationAbstract" order="140" use="optional" preferredLabel="http://www.xbrl.org/2003/role/verboseLabel" />
    <loc xlink:type="locator" xlink:href="http://taxonomies.xbrl.us/us-gaap/2009/elts/us-gaap-2009-01-31.xsd#us-gaap_IncomeTaxesPaid" xlink:label="us-gaap_IncomeTaxesPaid_633570919687031250" />
    <presentationArc xlink:type="arc" xlink:arcrole="http://www.xbrl.org/2003/arcrole/parent-child" xlink:from="loc_SupplementalCashFlowInformationAbstract" xlink:to="us-gaap_IncomeTaxesPaid_633570919687031250" order="20" use="optional" preferredLabel="http://www.xbrl.org/2003/role/verboseLabel" />
    <loc xlink:type="locator" xlink:href="http://taxonomies.xbrl.us/us-gaap/2009/elts/us-gaap-2009-01-31.xsd#us-gaap_InterestPaid" xlink:label="us-gaap_InterestPaid_633570919837656250" />
    <presentationArc xlink:type="arc" xlink:arcrole="http://www.xbrl.org/2003/arcrole/parent-child" xlink:from="loc_SupplementalCashFlowInformationAbstract" xlink:to="us-gaap_InterestPaid_633570919837656250" order="40" use="optional" preferredLabel="http://www.xbrl.org/2003/role/verboseLabel" />
    <loc xlink:type="locator" xlink:href="wdc-20100101.xsd#wdc_TaxesPaidOnVestedStockAwardsUnderEmployeeStockPlans" xlink:label="wdc_TaxesPaidOnVestedStockAwardsUnderEmployeeStockPlans" />
    <presentationArc xlink:type="arc" xlink:arcrole="http://www.xbrl.org/2003/arcrole/parent-child" xlink:from="loc_NetCashProvidedByUsedInFinancingActivitiesAbstract" xlink:to="wdc_TaxesPaidOnVestedStockAwardsUnderEmployeeStockPlans" order="50" use="optional" preferredLabel="http://www.xbrl.org/2003/role/verboseLabel" priority="1" />
    <loc xlink:type="locator" xlink:href="wdc-20100101.xsd#wdc_LossOnInvestments" xlink:label="wdc_LossOnInvestments" />
    <presentationArc xlink:type="arc" xlink:arcrole="http://www.xbrl.org/2003/arcrole/parent-child" xlink:from="loc_AdjustmentsToReconcileNetIncomeLossToCashProvidedByUsedInOperatingActivitiesAbstract" xlink:to="wdc_LossOnInvestments" order="60" use="optional" preferredLabel="http://www.xbrl.org/2003/role/verboseLabel" />
    <loc xlink:type="locator" xlink:href="http://taxonomies.xbrl.us/us-gaap/2009/elts/us-gaap-2009-01-31.xsd#us-gaap_NetCashProvidedByUsedInOperatingActivities" xlink:label="loc_NetCashProvidedByUsedInOperatingActivities" />
    <presentationArc xlink:type="arc" xlink:arcrole="http://www.xbrl.org/2003/arcrole/parent-child" xlink:from="loc_NetCashProvidedByUsedInOperatingActivitiesAbstract" xlink:to="loc_NetCashProvidedByUsedInOperatingActivities" order="60" use="optional" preferredLabel="http://www.xbrl.org/2003/role/totalLabel" />
    <loc xlink:type="locator" xlink:href="http://taxonomies.xbrl.us/us-gaap/2009/elts/us-gaap-2009-01-31.xsd#us-gaap_RestructuringCosts" xlink:label="loc_RestructuringCosts" />
    <presentationArc xlink:type="arc" xlink:arcrole="http://www.xbrl.org/2003/arcrole/parent-child" xlink:from="loc_AdjustmentsToReconcileNetIncomeLossToCashProvidedByUsedInOperatingActivitiesAbstract" xlink:to="loc_RestructuringCosts" order="100" use="optional" preferredLabel="http://www.xbrl.org/2003/role/verboseLabel" />
    <loc xlink:type="locator" xlink:href="http://taxonomies.xbrl.us/us-gaap/2009/elts/us-gaap-2009-01-31.xsd#us-gaap_DeferredIncomeTaxExpenseBenefit" xlink:label="loc_DeferredIncomeTaxExpenseBenefit" />
    <presentationArc xlink:type="arc" xlink:arcrole="http://www.xbrl.org/2003/arcrole/parent-child" xlink:from="loc_AdjustmentsToReconcileNetIncomeLossToCashProvidedByUsedInOperatingActivitiesAbstract" xlink:to="loc_DeferredIncomeTaxExpenseBenefit" order="50" use="optional" preferredLabel="http://www.xbrl.org/2003/role/verboseLabel" />
  </presentationLink>
  <presentationLink xlink:type="extended" xlink:role="http://westerndigital.com/role/BalanceSheetsParenthetical" xlink:title="011 - Statement - Condensed Consolidated Balance Sheets (Unaudited) (Parenthetical)">
    <loc xlink:type="locator" xlink:href="http://taxonomies.xbrl.us/us-gaap/2009/elts/us-gaap-2009-01-31.xsd#us-gaap_StatementOfFinancialPositionAbstract" xlink:label="loc_StatementOfFinancialPositionAbstract" />
    <loc xlink:type="locator" xlink:href="http://taxonomies.xbrl.us/us-gaap/2009/elts/us-gaap-2009-01-31.xsd#us-gaap_StatementTable" xlink:label="loc_StatementTable" />
    <presentationArc xlink:type="arc" xlink:arcrole="http://www.xbrl.org/2003/arcrole/parent-child" xlink:from="loc_StatementOfFinancialPositionAbstract" xlink:to="loc_StatementTable" order="20" use="optional" />
    <loc xlink:type="locator" xlink:href="http://taxonomies.xbrl.us/us-gaap/2009/elts/us-gaap-2009-01-31.xsd#us-gaap_StatementLineItems" xlink:label="loc_StatementLineItems" />
    <presentationArc xlink:type="arc" xlink:arcrole="http://www.xbrl.org/2003/arcrole/parent-child" xlink:from="loc_StatementTable" xlink:to="loc_StatementLineItems" order="20" use="optional" />
    <loc xlink:type="locator" xlink:href="http://taxonomies.xbrl.us/us-gaap/2009/elts/us-gaap-2009-01-31.xsd#us-gaap_StockholdersEquityAbstract" xlink:label="loc_StockholdersEquityAbstract" />
    <loc xlink:type="locator" xlink:href="http://taxonomies.xbrl.us/us-gaap/2009/elts/us-gaap-2009-01-31.xsd#us-gaap_PreferredStockParOrStatedValuePerShare" xlink:label="us-gaap_PreferredStockParOrStatedValuePerShare_633570933357968750" />
    <presentationArc xlink:type="arc" xlink:arcrole="http://www.xbrl.org/2003/arcrole/parent-child" xlink:from="loc_StockholdersEquityAbstract" xlink:to="us-gaap_PreferredStockParOrStatedValuePerShare_633570933357968750" order="20" use="optional" preferredLabel="http://www.xbrl.org/2003/role/verboseLabel" priority="1" />
    <loc xlink:type="locator" xlink:href="http://taxonomies.xbrl.us/us-gaap/2009/elts/us-gaap-2009-01-31.xsd#us-gaap_PreferredStockSharesAuthorized" xlink:label="us-gaap_PreferredStockSharesAuthorized_633570933864218750" />
    <presentationArc xlink:type="arc" xlink:arcrole="http://www.xbrl.org/2003/arcrole/parent-child" xlink:from="loc_StockholdersEquityAbstract" xlink:to="us-gaap_PreferredStockSharesAuthorized_633570933864218750" order="40" use="optional" preferredLabel="http://www.xbrl.org/2003/role/verboseLabel" priority="1" />
    <loc xlink:type="locator" xlink:href="http://taxonomies.xbrl.us/us-gaap/2009/elts/us-gaap-2009-01-31.xsd#us-gaap_PreferredStockSharesOutstanding" xlink:label="us-gaap_PreferredStockSharesOutstanding_633570934860156250" />
    <presentationArc xlink:type="arc" xlink:arcrole="http://www.xbrl.org/2003/arcrole/parent-child" xlink:from="loc_StockholdersEquityAbstract" xlink:to="us-gaap_PreferredStockSharesOutstanding_633570934860156250" order="60" use="optional" preferredLabel="http://www.xbrl.org/2003/role/verboseLabel" priority="1" />
    <loc xlink:type="locator" xlink:href="http://taxonomies.xbrl.us/us-gaap/2009/elts/us-gaap-2009-01-31.xsd#us-gaap_CommonStockParOrStatedValuePerShare" xlink:label="us-gaap_CommonStockParOrStatedValuePerShare_633570935629687500" />
    <presentationArc xlink:type="arc" xlink:arcrole="http://www.xbrl.org/2003/arcrole/parent-child" xlink:from="loc_StockholdersEquityAbstract" xlink:to="us-gaap_CommonStockParOrStatedValuePerShare_633570935629687500" order="80" use="optional" preferredLabel="http://www.xbrl.org/2003/role/verboseLabel" priority="1" />
    <loc xlink:type="locator" xlink:href="http://taxonomies.xbrl.us/us-gaap/2009/elts/us-gaap-2009-01-31.xsd#us-gaap_CommonStockSharesAuthorized" xlink:label="us-gaap_CommonStockSharesAuthorized_633570935704375000" />
    <presentationArc xlink:type="arc" xlink:arcrole="http://www.xbrl.org/2003/arcrole/parent-child" xlink:from="loc_StockholdersEquityAbstract" xlink:to="us-gaap_CommonStockSharesAuthorized_633570935704375000" order="90" use="optional" preferredLabel="http://www.xbrl.org/2003/role/verboseLabel" priority="1" />
    <loc xlink:type="locator" xlink:href="http://taxonomies.xbrl.us/us-gaap/2009/elts/us-gaap-2009-01-31.xsd#us-gaap_CommonStockSharesOutstanding" xlink:label="us-gaap_CommonStockSharesOutstanding_633570935783281250" />
    <presentationArc xlink:type="arc" xlink:arcrole="http://www.xbrl.org/2003/arcrole/parent-child" xlink:from="loc_StockholdersEquityAbstract" xlink:to="us-gaap_CommonStockSharesOutstanding_633570935783281250" order="95" use="optional" preferredLabel="http://www.xbrl.org/2003/role/verboseLabel" priority="1" />
    <presentationArc xlink:type="arc" xlink:arcrole="http://www.xbrl.org/2003/arcrole/parent-child" xlink:from="loc_StatementLineItems" xlink:to="loc_StockholdersEquityAbstract" order="5" use="optional" preferredLabel="http://www.xbrl.org/2003/role/verboseLabel" />
  </presentationLink>
  <presentationLink xlink:type="extended" xlink:role="http://westerndigital.com/role/BasisOfPresentation" xlink:title="0601 - Disclosure - Basis of Presentation">
    <loc xlink:type="locator" xlink:href="http://taxonomies.xbrl.us/us-gaap/2009/elts/us-gaap-2009-01-31.xsd#us-gaap_GeneralPoliciesAbstract" xlink:label="loc_GeneralPoliciesAbstract" />
    <loc xlink:type="locator" xlink:href="http://taxonomies.xbrl.us/us-gaap/2009/elts/us-gaap-2009-01-31.xsd#us-gaap_OrganizationConsolidationAndPresentationOfFinancialStatementsDisclosureTextBlock" xlink:label="loc_OrganizationConsolidationAndPresentationOfFinancialStatementsDisclosureTextBlock" />
    <presentationArc xlink:type="arc" xlink:arcrole="http://www.xbrl.org/2003/arcrole/parent-child" xlink:from="loc_GeneralPoliciesAbstract" xlink:to="loc_OrganizationConsolidationAndPresentationOfFinancialStatementsDisclosureTextBlock" order="20" use="optional" priority="1" />
  </presentationLink>
  <presentationLink xlink:type="extended" xlink:role="http://westerndigital.com/role/SupplementalFinancialStatementData" xlink:title="0602 - Disclosure - Supplemental Financial Statement Data">
    <loc xlink:type="locator" xlink:href="wdc-20100101.xsd#wdc_SupplementalFinancialStatementDataAbstract" xlink:label="wdc_SupplementalFinancialStatementDataAbstract" />
    <loc xlink:type="locator" xlink:href="wdc-20100101.xsd#wdc_SupplementalFinancialStatementDataTextBlock" xlink:label="wdc_SupplementalFinancialStatementDataTextBlock" />
    <presentationArc xlink:type="arc" xlink:arcrole="http://www.xbrl.org/2003/arcrole/parent-child" xlink:from="wdc_SupplementalFinancialStatementDataAbstract" xlink:to="wdc_SupplementalFinancialStatementDataTextBlock" order="20" use="optional" preferredLabel="http://www.xbrl.org/2003/role/verboseLabel" priority="1" />
  </presentationLink>
  <presentationLink xlink:type="extended" xlink:role="http://westerndigital.com/role/IncomePerCommonShare" xlink:title="0603 - Disclosure - Income per Common Share">
    <loc xlink:type="locator" xlink:href="http://taxonomies.xbrl.us/us-gaap/2009/elts/us-gaap-2009-01-31.xsd#us-gaap_EarningsPerShareAbstract" xlink:label="loc_EarningsPerShareAbstract" />
    <loc xlink:type="locator" xlink:href="http://taxonomies.xbrl.us/us-gaap/2009/elts/us-gaap-2009-01-31.xsd#us-gaap_EarningsPerShareTextBlock" xlink:label="loc_EarningsPerShareTextBlock" />
    <presentationArc xlink:type="arc" xlink:arcrole="http://www.xbrl.org/2003/arcrole/parent-child" xlink:from="loc_EarningsPerShareAbstract" xlink:to="loc_EarningsPerShareTextBlock" order="20" use="optional" preferredLabel="http://www.xbrl.org/2003/role/verboseLabel" />
  </presentationLink>
  <presentationLink xlink:type="extended" xlink:role="http://westerndigital.com/role/Debt" xlink:title="0604 - Disclosure - Debt">
    <loc xlink:type="locator" xlink:href="wdc-20100101.xsd#wdc_DebtAbstract" xlink:label="wdc_DebtAbstract" />
    <loc xlink:type="locator" xlink:href="http://taxonomies.xbrl.us/us-gaap/2009/elts/us-gaap-2009-01-31.xsd#us-gaap_DebtDisclosureTextBlock" xlink:label="loc_DebtDisclosureTextBlock" />
    <presentationArc xlink:type="arc" xlink:arcrole="http://www.xbrl.org/2003/arcrole/parent-child" xlink:from="wdc_DebtAbstract" xlink:to="loc_DebtDisclosureTextBlock" order="20" use="optional" priority="1" />
  </presentationLink>
  <presentationLink xlink:type="extended" xlink:role="http://westerndigital.com/role/StockBasedCompensation" xlink:title="0605 - Disclosure - Stock-Based Compensation">
    <loc xlink:type="locator" xlink:href="http://taxonomies.xbrl.us/us-gaap/2009/elts/us-gaap-2009-01-31.xsd#us-gaap_ShareBasedCompensationAbstract" xlink:label="loc_ShareBasedCompensationAbstract" />
    <loc xlink:type="locator" xlink:href="http://taxonomies.xbrl.us/us-gaap/2009/elts/us-gaap-2009-01-31.xsd#us-gaap_DisclosureOfCompensationRelatedCostsShareBasedPaymentsTextBlock" xlink:label="loc_DisclosureOfCompensationRelatedCostsShareBasedPaymentsTextBlock" />
    <presentationArc xlink:type="arc" xlink:arcrole="http://www.xbrl.org/2003/arcrole/parent-child" xlink:from="loc_ShareBasedCompensationAbstract" xlink:to="loc_DisclosureOfCompensationRelatedCostsShareBasedPaymentsTextBlock" order="20" use="optional" priority="1" />
  </presentationLink>
  <presentationLink xlink:type="extended" xlink:role="http://westerndigital.com/role/LegalProceedings" xlink:title="0606 - Disclosure - Legal Proceedings">
    <loc xlink:type="locator" xlink:href="wdc-20100101.xsd#wdc_LegalProceedingsAbstract" xlink:label="wdc_LegalProceedingsAbstract" />
    <loc xlink:type="locator" xlink:href="wdc-20100101.xsd#wdc_LegalProceedingsTextBlock" xlink:label="wdc_LegalProceedingsTextBlock" />
    <presentationArc xlink:type="arc" xlink:arcrole="http://www.xbrl.org/2003/arcrole/parent-child" xlink:from="wdc_LegalProceedingsAbstract" xlink:to="wdc_LegalProceedingsTextBlock" order="20" use="optional" preferredLabel="http://www.xbrl.org/2003/role/verboseLabel" priority="1" />
  </presentationLink>
  <presentationLink xlink:type="extended" xlink:role="http://westerndigital.com/role/IncomeTaxes" xlink:title="0607 - Disclosure - Income Taxes">
    <loc xlink:type="locator" xlink:href="http://taxonomies.xbrl.us/us-gaap/2009/elts/us-gaap-2009-01-31.xsd#us-gaap_IncomeTaxExpenseBenefitAbstract" xlink:label="loc_IncomeTaxExpenseBenefitAbstract" />
    <loc xlink:type="locator" xlink:href="http://taxonomies.xbrl.us/us-gaap/2009/elts/us-gaap-2009-01-31.xsd#us-gaap_IncomeTaxDisclosureTextBlock" xlink:label="loc_IncomeTaxDisclosureTextBlock" />
    <presentationArc xlink:type="arc" xlink:arcrole="http://www.xbrl.org/2003/arcrole/parent-child" xlink:from="loc_IncomeTaxExpenseBenefitAbstract" xlink:to="loc_IncomeTaxDisclosureTextBlock" order="20" use="optional" priority="1" />
  </presentationLink>
  <presentationLink xlink:type="extended" xlink:role="http://westerndigital.com/role/FairValueMeasurements" xlink:title="0608 - Disclosure - Fair Value Measurements">
    <loc xlink:type="locator" xlink:href="wdc-20100101.xsd#wdc_FairValueMeasurementsAbstract" xlink:label="wdc_FairValueMeasurementsAbstract" />
    <loc xlink:type="locator" xlink:href="http://taxonomies.xbrl.us/us-gaap/2009/elts/us-gaap-2009-01-31.xsd#us-gaap_FairValueDisclosuresTextBlock" xlink:label="loc_FairValueDisclosuresTextBlock" />
    <presentationArc xlink:type="arc" xlink:arcrole="http://www.xbrl.org/2003/arcrole/parent-child" xlink:from="wdc_FairValueMeasurementsAbstract" xlink:to="loc_FairValueDisclosuresTextBlock" order="20" use="optional" priority="1" />
  </presentationLink>
  <presentationLink xlink:type="extended" xlink:role="http://westerndigital.com/role/ForeignExchangeContracts" xlink:title="0609 - Disclosure - Foreign Exchange Contracts">
    <loc xlink:type="locator" xlink:href="wdc-20100101.xsd#wdc_ForeignExchangeContractsAbstract" xlink:label="wdc_ForeignExchangeContractsAbstract" />
    <loc xlink:type="locator" xlink:href="http://taxonomies.xbrl.us/us-gaap/2009/elts/us-gaap-2009-01-31.xsd#us-gaap_ForeignCurrencyDisclosureTextBlock" xlink:label="loc_ForeignCurrencyDisclosureTextBlock" />
    <presentationArc xlink:type="arc" xlink:arcrole="http://www.xbrl.org/2003/arcrole/parent-child" xlink:from="wdc_ForeignExchangeContractsAbstract" xlink:to="loc_ForeignCurrencyDisclosureTextBlock" order="20" use="optional" priority="1" />
  </presentationLink>
  <presentationLink xlink:type="extended" xlink:role="http://westerndigital.com/role/RecentAccountingPronouncements" xlink:title="0610 - Disclosure - Recent Accounting Pronouncements">
    <loc xlink:type="locator" xlink:href="http://taxonomies.xbrl.us/us-gaap/2009/elts/us-gaap-2009-01-31.xsd#us-gaap_NewAccountingPronouncementsAndChangesInAccountingPrinciplesAbstract" xlink:label="loc_NewAccountingPronouncementsAndChangesInAccountingPrinciplesAbstract" />
    <loc xlink:type="locator" xlink:href="http://taxonomies.xbrl.us/us-gaap/2009/elts/us-gaap-2009-01-31.xsd#us-gaap_ScheduleOfNewAccountingPronouncementsAndChangesInAccountingPrinciplesTextBlock" xlink:label="loc_ScheduleOfNewAccountingPronouncementsAndChangesInAccountingPrinciplesTextBlock" />
    <presentationArc xlink:type="arc" xlink:arcrole="http://www.xbrl.org/2003/arcrole/parent-child" xlink:from="loc_NewAccountingPronouncementsAndChangesInAccountingPrinciplesAbstract" xlink:to="loc_ScheduleOfNewAccountingPronouncementsAndChangesInAccountingPrinciplesTextBlock" order="20" use="optional" />
  </presentationLink>
  <presentationLink xlink:type="extended" xlink:role="http://westerndigital.com/role/DocumentAndEntityInformation" xlink:title="00 - Document - Document and Company Information">
    <loc xlink:type="locator" xlink:href="wdc-20100101.xsd#wdc_DocumentAndCompanyInformationAbstract" xlink:label="wdc_DocumentAndCompanyInformationAbstract" />
    <loc xlink:type="locator" xlink:href="http://taxonomies.xbrl.us/us-gaap/2009/non-gaap/dei-2009-01-31.xsd#dei_EntityCommonStockSharesOutstanding" xlink:label="loc_EntityCommonStockSharesOutstanding" />
    <presentationArc xlink:type="arc" xlink:arcrole="http://www.xbrl.org/2003/arcrole/parent-child" xlink:from="wdc_DocumentAndCompanyInformationAbstract" xlink:to="loc_EntityCommonStockSharesOutstanding" order="240" use="optional" />
    <loc xlink:type="locator" xlink:href="http://taxonomies.xbrl.us/us-gaap/2009/non-gaap/dei-2009-01-31.xsd#dei_EntityPublicFloat" xlink:label="loc_EntityPublicFloat" />
    <presentationArc xlink:type="arc" xlink:arcrole="http://www.xbrl.org/2003/arcrole/parent-child" xlink:from="wdc_DocumentAndCompanyInformationAbstract" xlink:to="loc_EntityPublicFloat" order="220" use="optional" />
    <loc xlink:type="locator" xlink:href="http://taxonomies.xbrl.us/us-gaap/2009/non-gaap/dei-2009-01-31.xsd#dei_EntityFilerCategory" xlink:label="loc_EntityFilerCategory" />
    <presentationArc xlink:type="arc" xlink:arcrole="http://www.xbrl.org/2003/arcrole/parent-child" xlink:from="wdc_DocumentAndCompanyInformationAbstract" xlink:to="loc_EntityFilerCategory" order="200" use="optional" />
    <loc xlink:type="locator" xlink:href="http://taxonomies.xbrl.us/us-gaap/2009/non-gaap/dei-2009-01-31.xsd#dei_EntityCurrentReportingStatus" xlink:label="loc_EntityCurrentReportingStatus" />
    <presentationArc xlink:type="arc" xlink:arcrole="http://www.xbrl.org/2003/arcrole/parent-child" xlink:from="wdc_DocumentAndCompanyInformationAbstract" xlink:to="loc_EntityCurrentReportingStatus" order="180" use="optional" />
    <loc xlink:type="locator" xlink:href="http://taxonomies.xbrl.us/us-gaap/2009/non-gaap/dei-2009-01-31.xsd#dei_EntityVoluntaryFilers" xlink:label="loc_EntityVoluntaryFilers" />
    <presentationArc xlink:type="arc" xlink:arcrole="http://www.xbrl.org/2003/arcrole/parent-child" xlink:from="wdc_DocumentAndCompanyInformationAbstract" xlink:to="loc_EntityVoluntaryFilers" order="160" use="optional" />
    <loc xlink:type="locator" xlink:href="http://taxonomies.xbrl.us/us-gaap/2009/non-gaap/dei-2009-01-31.xsd#dei_EntityWellKnownSeasonedIssuer" xlink:label="loc_EntityWellKnownSeasonedIssuer" />
    <presentationArc xlink:type="arc" xlink:arcrole="http://www.xbrl.org/2003/arcrole/parent-child" xlink:from="wdc_DocumentAndCompanyInformationAbstract" xlink:to="loc_EntityWellKnownSeasonedIssuer" order="140" use="optional" />
    <loc xlink:type="locator" xlink:href="http://taxonomies.xbrl.us/us-gaap/2009/non-gaap/dei-2009-01-31.xsd#dei_CurrentFiscalYearEndDate" xlink:label="loc_CurrentFiscalYearEndDate" />
    <presentationArc xlink:type="arc" xlink:arcrole="http://www.xbrl.org/2003/arcrole/parent-child" xlink:from="wdc_DocumentAndCompanyInformationAbstract" xlink:to="loc_CurrentFiscalYearEndDate" order="120" use="optional" />
    <loc xlink:type="locator" xlink:href="http://taxonomies.xbrl.us/us-gaap/2009/non-gaap/dei-2009-01-31.xsd#dei_AmendmentFlag" xlink:label="loc_AmendmentFlag" />
    <presentationArc xlink:type="arc" xlink:arcrole="http://www.xbrl.org/2003/arcrole/parent-child" xlink:from="wdc_DocumentAndCompanyInformationAbstract" xlink:to="loc_AmendmentFlag" order="100" use="optional" />
    <loc xlink:type="locator" xlink:href="http://taxonomies.xbrl.us/us-gaap/2009/non-gaap/dei-2009-01-31.xsd#dei_DocumentPeriodEndDate" xlink:label="loc_DocumentPeriodEndDate" />
    <presentationArc xlink:type="arc" xlink:arcrole="http://www.xbrl.org/2003/arcrole/parent-child" xlink:from="wdc_DocumentAndCompanyInformationAbstract" xlink:to="loc_DocumentPeriodEndDate" order="80" use="optional" />
    <loc xlink:type="locator" xlink:href="http://taxonomies.xbrl.us/us-gaap/2009/non-gaap/dei-2009-01-31.xsd#dei_DocumentType" xlink:label="loc_DocumentType" />
    <presentationArc xlink:type="arc" xlink:arcrole="http://www.xbrl.org/2003/arcrole/parent-child" xlink:from="wdc_DocumentAndCompanyInformationAbstract" xlink:to="loc_DocumentType" order="60" use="optional" />
    <loc xlink:type="locator" xlink:href="http://taxonomies.xbrl.us/us-gaap/2009/non-gaap/dei-2009-01-31.xsd#dei_EntityCentralIndexKey" xlink:label="loc_EntityCentralIndexKey" />
    <presentationArc xlink:type="arc" xlink:arcrole="http://www.xbrl.org/2003/arcrole/parent-child" xlink:from="wdc_DocumentAndCompanyInformationAbstract" xlink:to="loc_EntityCentralIndexKey" order="40" use="optional" />
    <loc xlink:type="locator" xlink:href="http://taxonomies.xbrl.us/us-gaap/2009/non-gaap/dei-2009-01-31.xsd#dei_EntityRegistrantName" xlink:label="loc_EntityRegistrantName" />
    <presentationArc xlink:type="arc" xlink:arcrole="http://www.xbrl.org/2003/arcrole/parent-child" xlink:from="wdc_DocumentAndCompanyInformationAbstract" xlink:to="loc_EntityRegistrantName" order="20" use="optional" />
  </presentationLink>
</linkbase>
