<?xml version="1.0" encoding="us-ascii"?>
<!-- XBRL document created with XMark (C) by Bowne Inc. -->
<!--Based on XBRL 2.1-->
<!--Created on: 9/15/2008 10:51:16 AM-->
<!--Modified on: 1/29/2010 10:05:55 PM-->
<linkbase xmlns="http://www.xbrl.org/2003/linkbase" xmlns:xsi="http://www.w3.org/2001/XMLSchema-instance" xmlns:xlink="http://www.w3.org/1999/xlink" xmlns:xbrldt="http://xbrl.org/2005/xbrldt" xsi:schemaLocation="http://www.xbrl.org/2003/linkbase http://www.xbrl.org/2003/xbrl-linkbase-2003-12-31.xsd">
  <roleRef xlink:type="simple" xlink:href="wdc-20100101.xsd#StatementsOfIncome" roleURI="http://westerndigital.com/role/StatementsOfIncome" />
  <roleRef xlink:type="simple" xlink:href="wdc-20100101.xsd#StatementsOfCashFlows" roleURI="http://westerndigital.com/role/StatementsOfCashFlows" />
  <roleRef xlink:type="simple" xlink:href="wdc-20100101.xsd#BalanceSheetsParenthetical" roleURI="http://westerndigital.com/role/BalanceSheetsParenthetical" />
  <roleRef xlink:type="simple" xlink:href="wdc-20100101.xsd#BasisOfPresentation" roleURI="http://westerndigital.com/role/BasisOfPresentation" />
  <roleRef xlink:type="simple" xlink:href="wdc-20100101.xsd#SupplementalFinancialStatementData" roleURI="http://westerndigital.com/role/SupplementalFinancialStatementData" />
  <roleRef xlink:type="simple" xlink:href="wdc-20100101.xsd#IncomePerCommonShare" roleURI="http://westerndigital.com/role/IncomePerCommonShare" />
  <roleRef xlink:type="simple" xlink:href="wdc-20100101.xsd#Debt" roleURI="http://westerndigital.com/role/Debt" />
  <roleRef xlink:type="simple" xlink:href="wdc-20100101.xsd#StockBasedCompensation" roleURI="http://westerndigital.com/role/StockBasedCompensation" />
  <roleRef xlink:type="simple" xlink:href="wdc-20100101.xsd#LegalProceedings" roleURI="http://westerndigital.com/role/LegalProceedings" />
  <roleRef xlink:type="simple" xlink:href="wdc-20100101.xsd#IncomeTaxes" roleURI="http://westerndigital.com/role/IncomeTaxes" />
  <roleRef xlink:type="simple" xlink:href="wdc-20100101.xsd#FairValueMeasurements" roleURI="http://westerndigital.com/role/FairValueMeasurements" />
  <roleRef xlink:type="simple" xlink:href="wdc-20100101.xsd#ForeignExchangeContracts" roleURI="http://westerndigital.com/role/ForeignExchangeContracts" />
  <roleRef xlink:type="simple" xlink:href="wdc-20100101.xsd#RecentAccountingPronouncements" roleURI="http://westerndigital.com/role/RecentAccountingPronouncements" />
  <roleRef xlink:type="simple" xlink:href="wdc-20100101.xsd#DocumentAndEntityInformation" roleURI="http://westerndigital.com/role/DocumentAndEntityInformation" />
  <arcroleRef xlink:type="simple" xlink:href="http://www.xbrl.org/2005/xbrldt-2005.xsd#all" arcroleURI="http://xbrl.org/int/dim/arcrole/all" />
  <arcroleRef xlink:type="simple" xlink:href="http://www.xbrl.org/2005/xbrldt-2005.xsd#hypercube-dimension" arcroleURI="http://xbrl.org/int/dim/arcrole/hypercube-dimension" />
  <arcroleRef xlink:type="simple" xlink:href="http://www.xbrl.org/2005/xbrldt-2005.xsd#dimension-default" arcroleURI="http://xbrl.org/int/dim/arcrole/dimension-default" />
  <roleRef xlink:type="simple" xlink:href="wdc-20100101.xsd#BalanceSheets" roleURI="http://westerndigital.com/role/BalanceSheets" />
  <arcroleRef xlink:type="simple" xlink:href="http://www.xbrl.org/2005/xbrldt-2005.xsd#domain-member" arcroleURI="http://xbrl.org/int/dim/arcrole/domain-member" />
  <arcroleRef xlink:type="simple" xlink:href="http://www.xbrl.org/2005/xbrldt-2005.xsd#dimension-domain" arcroleURI="http://xbrl.org/int/dim/arcrole/dimension-domain" />
  <definitionLink xlink:type="extended" xlink:role="http://westerndigital.com/role/BalanceSheets" xlink:title="01 - Statement - Condensed Consolidated Balance Sheets (Unaudited)">
    <loc xlink:type="locator" xlink:href="http://taxonomies.xbrl.us/us-gaap/2009/elts/us-gaap-2009-01-31.xsd#us-gaap_StatementLineItems" xlink:label="loc_StatementLineItems" />
    <loc xlink:type="locator" xlink:href="http://taxonomies.xbrl.us/us-gaap/2009/elts/us-gaap-2009-01-31.xsd#us-gaap_StatementTable" xlink:label="loc_StatementTable" />
    <definitionArc xlink:type="arc" xlink:arcrole="http://xbrl.org/int/dim/arcrole/all" xlink:from="loc_StatementLineItems" xlink:to="loc_StatementTable" order="1" xbrldt:contextElement="segment" priority="1" />
  </definitionLink>
  <definitionLink xlink:type="extended" xlink:role="http://westerndigital.com/role/StatementsOfIncome" xlink:title="02 - Statement - Condensed Consolidated Statements of Income (Unaudited)">
    <loc xlink:type="locator" xlink:href="http://taxonomies.xbrl.us/us-gaap/2009/elts/us-gaap-2009-01-31.xsd#us-gaap_StatementLineItems" xlink:label="loc_StatementLineItems" />
    <loc xlink:type="locator" xlink:href="http://taxonomies.xbrl.us/us-gaap/2009/elts/us-gaap-2009-01-31.xsd#us-gaap_StatementTable" xlink:label="loc_StatementTable" />
    <definitionArc xlink:type="arc" xlink:arcrole="http://xbrl.org/int/dim/arcrole/all" xlink:from="loc_StatementLineItems" xlink:to="loc_StatementTable" order="1" xbrldt:contextElement="segment" priority="1" />
  </definitionLink>
  <definitionLink xlink:type="extended" xlink:role="http://westerndigital.com/role/StatementsOfCashFlows" xlink:title="03 - Statement - Condensed Consolidated Statements of Cash Flows (Unaudited)">
    <loc xlink:type="locator" xlink:href="http://taxonomies.xbrl.us/us-gaap/2009/elts/us-gaap-2009-01-31.xsd#us-gaap_StatementLineItems" xlink:label="loc_StatementLineItems" />
    <loc xlink:type="locator" xlink:href="http://taxonomies.xbrl.us/us-gaap/2009/elts/us-gaap-2009-01-31.xsd#us-gaap_StatementTable" xlink:label="loc_StatementTable" />
    <definitionArc xlink:type="arc" xlink:arcrole="http://xbrl.org/int/dim/arcrole/all" xlink:from="loc_StatementLineItems" xlink:to="loc_StatementTable" order="1" xbrldt:contextElement="segment" priority="1" />
  </definitionLink>
  <definitionLink xlink:type="extended" xlink:role="http://westerndigital.com/role/BalanceSheetsParenthetical" xlink:title="011 - Statement - Condensed Consolidated Balance Sheets (Unaudited) (Parenthetical)">
    <loc xlink:type="locator" xlink:href="http://taxonomies.xbrl.us/us-gaap/2009/elts/us-gaap-2009-01-31.xsd#us-gaap_StatementLineItems" xlink:label="loc_StatementLineItems" />
    <loc xlink:type="locator" xlink:href="http://taxonomies.xbrl.us/us-gaap/2009/elts/us-gaap-2009-01-31.xsd#us-gaap_StatementTable" xlink:label="loc_StatementTable" />
    <definitionArc xlink:type="arc" xlink:arcrole="http://xbrl.org/int/dim/arcrole/all" xlink:from="loc_StatementLineItems" xlink:to="loc_StatementTable" order="1" xbrldt:contextElement="segment" priority="1" />
  </definitionLink>
  <definitionLink xlink:type="extended" xlink:role="http://westerndigital.com/role/BasisOfPresentation" xlink:title="0601 - Disclosure - Basis of Presentation" />
  <definitionLink xlink:type="extended" xlink:role="http://westerndigital.com/role/SupplementalFinancialStatementData" xlink:title="0602 - Disclosure - Supplemental Financial Statement Data" />
  <definitionLink xlink:type="extended" xlink:role="http://westerndigital.com/role/IncomePerCommonShare" xlink:title="0603 - Disclosure - Income per Common Share" />
  <definitionLink xlink:type="extended" xlink:role="http://westerndigital.com/role/Debt" xlink:title="0604 - Disclosure - Debt" />
  <definitionLink xlink:type="extended" xlink:role="http://westerndigital.com/role/StockBasedCompensation" xlink:title="0605 - Disclosure - Stock-Based Compensation" />
  <definitionLink xlink:type="extended" xlink:role="http://westerndigital.com/role/LegalProceedings" xlink:title="0606 - Disclosure - Legal Proceedings" />
  <definitionLink xlink:type="extended" xlink:role="http://westerndigital.com/role/IncomeTaxes" xlink:title="0607 - Disclosure - Income Taxes" />
  <definitionLink xlink:type="extended" xlink:role="http://westerndigital.com/role/FairValueMeasurements" xlink:title="0608 - Disclosure - Fair Value Measurements" />
  <definitionLink xlink:type="extended" xlink:role="http://westerndigital.com/role/ForeignExchangeContracts" xlink:title="0609 - Disclosure - Foreign Exchange Contracts" />
  <definitionLink xlink:type="extended" xlink:role="http://westerndigital.com/role/RecentAccountingPronouncements" xlink:title="0610 - Disclosure - Recent Accounting Pronouncements" />
  <definitionLink xlink:type="extended" xlink:role="http://westerndigital.com/role/DocumentAndEntityInformation" xlink:title="00 - Document - Document and Company Information" />
</linkbase>
