<?xml version="1.0" encoding="us-ascii"?>
<!--XBRL document created with Crossfire XBRL Enabler by Rivet Software version 3.0.4002.22245-->
<!--Based on XBRL 2.1-->
<!--Created on: 1/14/2011 3:22:14 PM-->
<!--Modified on: 1/14/2011 3:22:14 PM-->
<linkbase xmlns="http://www.xbrl.org/2003/linkbase" xmlns:xsi="http://www.w3.org/2001/XMLSchema-instance" xmlns:xlink="http://www.w3.org/1999/xlink" xsi:schemaLocation="http://www.xbrl.org/2003/linkbase http://www.xbrl.org/2003/xbrl-linkbase-2003-12-31.xsd">
  <roleRef xlink:type="simple" xlink:href="ihs-20101130.xsd#StatementConsolidatedBalanceSheets" roleURI="http://www.ihs.com/role/StatementConsolidatedBalanceSheets" />
  <roleRef xlink:type="simple" xlink:href="ihs-20101130.xsd#StatementConsolidatedStatementsOfOperations" roleURI="http://www.ihs.com/role/StatementConsolidatedStatementsOfOperations" />
  <roleRef xlink:type="simple" xlink:href="ihs-20101130.xsd#StatementConsolidatedStatementOfChangesInShareholdersEquity" roleURI="http://www.ihs.com/role/StatementConsolidatedStatementOfChangesInShareholdersEquity" />
  <roleRef xlink:type="simple" xlink:href="ihs-20101130.xsd#StatementConsolidatedStatementsOfCashFlows" roleURI="http://www.ihs.com/role/StatementConsolidatedStatementsOfCashFlows" />
  <calculationLink xlink:role="http://www.ihs.com/role/StatementConsolidatedBalanceSheets" xlink:type="extended" xlink:title="00100 - Statement - Consolidated Balance Sheets">
    <loc xlink:type="locator" xlink:href="http://taxonomies.xbrl.us/us-gaap/2009/elts/us-gaap-2009-01-31.xsd#us-gaap_Assets" xlink:label="us-gaap_Assets_634280888369630118" />
    <loc xlink:type="locator" xlink:href="http://taxonomies.xbrl.us/us-gaap/2009/elts/us-gaap-2009-01-31.xsd#us-gaap_AssetsNoncurrent" xlink:label="us-gaap_AssetsNoncurrent_634066780652704794" />
    <calculationArc xlink:type="arc" xlink:arcrole="http://www.xbrl.org/2003/arcrole/summation-item" xlink:from="us-gaap_Assets_634280888369630118" xlink:to="us-gaap_AssetsNoncurrent_634066780652704794" order="1" use="optional" weight="1" priority="1" />
    <loc xlink:type="locator" xlink:href="http://taxonomies.xbrl.us/us-gaap/2009/elts/us-gaap-2009-01-31.xsd#us-gaap_PropertyPlantAndEquipmentNet" xlink:label="loc_PropertyPlantAndEquipmentNet" />
    <calculationArc xlink:type="arc" xlink:arcrole="http://www.xbrl.org/2003/arcrole/summation-item" xlink:from="us-gaap_AssetsNoncurrent_634066780652704794" xlink:to="loc_PropertyPlantAndEquipmentNet" order="1" use="optional" weight="1" />
    <loc xlink:type="locator" xlink:href="http://taxonomies.xbrl.us/us-gaap/2009/elts/us-gaap-2009-01-31.xsd#us-gaap_Goodwill" xlink:label="loc_Goodwill" />
    <calculationArc xlink:type="arc" xlink:arcrole="http://www.xbrl.org/2003/arcrole/summation-item" xlink:from="us-gaap_AssetsNoncurrent_634066780652704794" xlink:to="loc_Goodwill" order="2" use="optional" weight="1" />
    <loc xlink:type="locator" xlink:href="http://taxonomies.xbrl.us/us-gaap/2009/elts/us-gaap-2009-01-31.xsd#us-gaap_IntangibleAssetsNetExcludingGoodwill" xlink:label="loc_IntangibleAssetsNetExcludingGoodwill" />
    <calculationArc xlink:type="arc" xlink:arcrole="http://www.xbrl.org/2003/arcrole/summation-item" xlink:from="us-gaap_AssetsNoncurrent_634066780652704794" xlink:to="loc_IntangibleAssetsNetExcludingGoodwill" order="3" use="optional" weight="1" />
    <loc xlink:type="locator" xlink:href="http://taxonomies.xbrl.us/us-gaap/2009/elts/us-gaap-2009-01-31.xsd#us-gaap_OtherAssetsNoncurrent" xlink:label="loc_OtherAssetsNoncurrent" />
    <calculationArc xlink:type="arc" xlink:arcrole="http://www.xbrl.org/2003/arcrole/summation-item" xlink:from="us-gaap_AssetsNoncurrent_634066780652704794" xlink:to="loc_OtherAssetsNoncurrent" order="4" use="optional" weight="1" />
    <loc xlink:type="locator" xlink:href="http://taxonomies.xbrl.us/us-gaap/2009/elts/us-gaap-2009-01-31.xsd#us-gaap_AssetsCurrent" xlink:label="loc_AssetsCurrent" />
    <calculationArc xlink:type="arc" xlink:arcrole="http://www.xbrl.org/2003/arcrole/summation-item" xlink:from="us-gaap_Assets_634280888369630118" xlink:to="loc_AssetsCurrent" order="2" use="optional" weight="1" />
    <loc xlink:type="locator" xlink:href="http://taxonomies.xbrl.us/us-gaap/2009/elts/us-gaap-2009-01-31.xsd#us-gaap_CashAndCashEquivalentsAtCarryingValue" xlink:label="us-gaap_CashAndCashEquivalentsAtCarryingValue_634066780907871706" />
    <calculationArc xlink:type="arc" xlink:arcrole="http://www.xbrl.org/2003/arcrole/summation-item" xlink:from="loc_AssetsCurrent" xlink:to="us-gaap_CashAndCashEquivalentsAtCarryingValue_634066780907871706" order="1" use="optional" weight="1" priority="1" />
    <loc xlink:type="locator" xlink:href="http://taxonomies.xbrl.us/us-gaap/2009/elts/us-gaap-2009-01-31.xsd#us-gaap_AccountsReceivableNetCurrent" xlink:label="us-gaap_AccountsReceivableNetCurrent_634066781003809658" />
    <calculationArc xlink:type="arc" xlink:arcrole="http://www.xbrl.org/2003/arcrole/summation-item" xlink:from="loc_AssetsCurrent" xlink:to="us-gaap_AccountsReceivableNetCurrent_634066781003809658" order="2" use="optional" weight="1" priority="1" />
    <loc xlink:type="locator" xlink:href="http://taxonomies.xbrl.us/us-gaap/2009/elts/us-gaap-2009-01-31.xsd#us-gaap_DeferredCostsCurrent" xlink:label="loc_DeferredCostsCurrent" />
    <calculationArc xlink:type="arc" xlink:arcrole="http://www.xbrl.org/2003/arcrole/summation-item" xlink:from="loc_AssetsCurrent" xlink:to="loc_DeferredCostsCurrent" order="3" use="optional" weight="1" />
    <loc xlink:type="locator" xlink:href="http://taxonomies.xbrl.us/us-gaap/2009/elts/us-gaap-2009-01-31.xsd#us-gaap_DeferredTaxAssetsNetCurrent" xlink:label="loc_DeferredTaxAssetsNetCurrent" />
    <calculationArc xlink:type="arc" xlink:arcrole="http://www.xbrl.org/2003/arcrole/summation-item" xlink:from="loc_AssetsCurrent" xlink:to="loc_DeferredTaxAssetsNetCurrent" order="4" use="optional" weight="1" />
    <loc xlink:type="locator" xlink:href="http://taxonomies.xbrl.us/us-gaap/2009/elts/us-gaap-2009-01-31.xsd#us-gaap_OtherAssetsCurrent" xlink:label="loc_OtherAssetsCurrent" />
    <calculationArc xlink:type="arc" xlink:arcrole="http://www.xbrl.org/2003/arcrole/summation-item" xlink:from="loc_AssetsCurrent" xlink:to="loc_OtherAssetsCurrent" order="5" use="optional" weight="1" />
    <loc xlink:type="locator" xlink:href="http://taxonomies.xbrl.us/us-gaap/2009/elts/us-gaap-2009-01-31.xsd#us-gaap_LiabilitiesAndStockholdersEquity" xlink:label="us-gaap_LiabilitiesAndStockholdersEquity_634280888370410118" />
    <loc xlink:type="locator" xlink:href="http://taxonomies.xbrl.us/us-gaap/2009/elts/us-gaap-2009-01-31.xsd#us-gaap_LiabilitiesCurrent" xlink:label="us-gaap_LiabilitiesCurrent_634066793018386820" />
    <calculationArc xlink:type="arc" xlink:arcrole="http://www.xbrl.org/2003/arcrole/summation-item" xlink:from="us-gaap_LiabilitiesAndStockholdersEquity_634280888370410118" xlink:to="us-gaap_LiabilitiesCurrent_634066793018386820" order="1" use="optional" weight="1" priority="1" />
    <loc xlink:type="locator" xlink:href="http://taxonomies.xbrl.us/us-gaap/2009/elts/us-gaap-2009-01-31.xsd#us-gaap_AccountsPayableCurrent" xlink:label="us-gaap_AccountsPayableCurrent_634066781532569978" />
    <calculationArc xlink:type="arc" xlink:arcrole="http://www.xbrl.org/2003/arcrole/summation-item" xlink:from="us-gaap_LiabilitiesCurrent_634066793018386820" xlink:to="us-gaap_AccountsPayableCurrent_634066781532569978" order="1" use="optional" weight="1" priority="1" />
    <loc xlink:type="locator" xlink:href="ihs-20101130.xsd#ihs_AccruedCompensation" xlink:label="ihs_AccruedCompensation" />
    <calculationArc xlink:type="arc" xlink:arcrole="http://www.xbrl.org/2003/arcrole/summation-item" xlink:from="us-gaap_LiabilitiesCurrent_634066793018386820" xlink:to="ihs_AccruedCompensation" order="2" use="optional" weight="1" priority="1" />
    <loc xlink:type="locator" xlink:href="http://taxonomies.xbrl.us/us-gaap/2009/elts/us-gaap-2009-01-31.xsd#us-gaap_AccruedRoyaltiesCurrent" xlink:label="us-gaap_AccruedRoyaltiesCurrent_634066787867579274" />
    <calculationArc xlink:type="arc" xlink:arcrole="http://www.xbrl.org/2003/arcrole/summation-item" xlink:from="us-gaap_LiabilitiesCurrent_634066793018386820" xlink:to="us-gaap_AccruedRoyaltiesCurrent_634066787867579274" order="3" use="optional" weight="1" priority="3" />
    <loc xlink:type="locator" xlink:href="http://taxonomies.xbrl.us/us-gaap/2009/elts/us-gaap-2009-01-31.xsd#us-gaap_OtherAccruedLiabilitiesCurrent" xlink:label="us-gaap_OtherAccruedLiabilitiesCurrent_634066790070246554" />
    <calculationArc xlink:type="arc" xlink:arcrole="http://www.xbrl.org/2003/arcrole/summation-item" xlink:from="us-gaap_LiabilitiesCurrent_634066793018386820" xlink:to="us-gaap_OtherAccruedLiabilitiesCurrent_634066790070246554" order="4" use="optional" weight="1" priority="2" />
    <loc xlink:type="locator" xlink:href="http://taxonomies.xbrl.us/us-gaap/2009/elts/us-gaap-2009-01-31.xsd#us-gaap_TaxesPayableCurrent" xlink:label="us-gaap_TaxesPayableCurrent_634066781758194410" />
    <calculationArc xlink:type="arc" xlink:arcrole="http://www.xbrl.org/2003/arcrole/summation-item" xlink:from="us-gaap_LiabilitiesCurrent_634066793018386820" xlink:to="us-gaap_TaxesPayableCurrent_634066781758194410" order="5" use="optional" weight="1" priority="1" />
    <loc xlink:type="locator" xlink:href="http://taxonomies.xbrl.us/us-gaap/2009/elts/us-gaap-2009-01-31.xsd#us-gaap_ShortTermBorrowings" xlink:label="us-gaap_ShortTermBorrowings_634066781862344170" />
    <calculationArc xlink:type="arc" xlink:arcrole="http://www.xbrl.org/2003/arcrole/summation-item" xlink:from="us-gaap_LiabilitiesCurrent_634066793018386820" xlink:to="us-gaap_ShortTermBorrowings_634066781862344170" order="6" use="optional" weight="1" priority="1" />
    <loc xlink:type="locator" xlink:href="http://taxonomies.xbrl.us/us-gaap/2009/elts/us-gaap-2009-01-31.xsd#us-gaap_DeferredRevenueCurrent" xlink:label="us-gaap_DeferredRevenueCurrent_634066781990127914" />
    <calculationArc xlink:type="arc" xlink:arcrole="http://www.xbrl.org/2003/arcrole/summation-item" xlink:from="us-gaap_LiabilitiesCurrent_634066793018386820" xlink:to="us-gaap_DeferredRevenueCurrent_634066781990127914" order="7" use="optional" weight="1" priority="1" />
    <loc xlink:type="locator" xlink:href="http://taxonomies.xbrl.us/us-gaap/2009/elts/us-gaap-2009-01-31.xsd#us-gaap_LongTermDebtNoncurrent" xlink:label="us-gaap_LongTermDebtNoncurrent_634066793703019056" />
    <calculationArc xlink:type="arc" xlink:arcrole="http://www.xbrl.org/2003/arcrole/summation-item" xlink:from="us-gaap_LiabilitiesAndStockholdersEquity_634280888370410118" xlink:to="us-gaap_LongTermDebtNoncurrent_634066793703019056" order="2" use="optional" weight="1" priority="2" />
    <loc xlink:type="locator" xlink:href="http://taxonomies.xbrl.us/us-gaap/2009/elts/us-gaap-2009-01-31.xsd#us-gaap_DeferredTaxLiabilitiesNoncurrent" xlink:label="us-gaap_DeferredTaxLiabilitiesNoncurrent_634066793799063865" />
    <calculationArc xlink:type="arc" xlink:arcrole="http://www.xbrl.org/2003/arcrole/summation-item" xlink:from="us-gaap_LiabilitiesAndStockholdersEquity_634280888370410118" xlink:to="us-gaap_DeferredTaxLiabilitiesNoncurrent_634066793799063865" order="3" use="optional" weight="1" priority="2" />
    <loc xlink:type="locator" xlink:href="http://taxonomies.xbrl.us/us-gaap/2009/elts/us-gaap-2009-01-31.xsd#us-gaap_OtherPostretirementDefinedBenefitPlanLiabilitiesNoncurrent" xlink:label="us-gaap_OtherPostretirementDefinedBenefitPlanLiabilitiesNoncurrent_634068754468268585" />
    <calculationArc xlink:type="arc" xlink:arcrole="http://www.xbrl.org/2003/arcrole/summation-item" xlink:from="us-gaap_LiabilitiesAndStockholdersEquity_634280888370410118" xlink:to="us-gaap_OtherPostretirementDefinedBenefitPlanLiabilitiesNoncurrent_634068754468268585" order="4" use="optional" weight="1" priority="2" />
    <loc xlink:type="locator" xlink:href="http://taxonomies.xbrl.us/us-gaap/2009/elts/us-gaap-2009-01-31.xsd#us-gaap_DefinedBenefitPensionPlanLiabilitiesNoncurrent" xlink:label="us-gaap_DefinedBenefitPensionPlanLiabilitiesNoncurrent_634068754816673040" />
    <calculationArc xlink:type="arc" xlink:arcrole="http://www.xbrl.org/2003/arcrole/summation-item" xlink:from="us-gaap_LiabilitiesAndStockholdersEquity_634280888370410118" xlink:to="us-gaap_DefinedBenefitPensionPlanLiabilitiesNoncurrent_634068754816673040" order="5" use="optional" weight="1" priority="2" />
    <loc xlink:type="locator" xlink:href="http://taxonomies.xbrl.us/us-gaap/2009/elts/us-gaap-2009-01-31.xsd#us-gaap_OtherLiabilitiesNoncurrent" xlink:label="us-gaap_OtherLiabilitiesNoncurrent_634066794085696027" />
    <calculationArc xlink:type="arc" xlink:arcrole="http://www.xbrl.org/2003/arcrole/summation-item" xlink:from="us-gaap_LiabilitiesAndStockholdersEquity_634280888370410118" xlink:to="us-gaap_OtherLiabilitiesNoncurrent_634066794085696027" order="6" use="optional" weight="1" priority="2" />
    <loc xlink:type="locator" xlink:href="http://taxonomies.xbrl.us/us-gaap/2009/elts/us-gaap-2009-01-31.xsd#us-gaap_StockholdersEquity" xlink:label="us-gaap_StockholdersEquity_634066783455334778" />
    <calculationArc xlink:type="arc" xlink:arcrole="http://www.xbrl.org/2003/arcrole/summation-item" xlink:from="us-gaap_LiabilitiesAndStockholdersEquity_634280888370410118" xlink:to="us-gaap_StockholdersEquity_634066783455334778" order="7" use="optional" weight="1" priority="1" />
    <loc xlink:type="locator" xlink:href="http://taxonomies.xbrl.us/us-gaap/2009/elts/us-gaap-2009-01-31.xsd#us-gaap_AdditionalPaidInCapitalCommonStock" xlink:label="us-gaap_AdditionalPaidInCapitalCommonStock_634115998806574650" />
    <calculationArc xlink:type="arc" xlink:arcrole="http://www.xbrl.org/2003/arcrole/summation-item" xlink:from="us-gaap_StockholdersEquity_634066783455334778" xlink:to="us-gaap_AdditionalPaidInCapitalCommonStock_634115998806574650" order="1" use="optional" weight="1" priority="1" />
    <loc xlink:type="locator" xlink:href="http://taxonomies.xbrl.us/us-gaap/2009/elts/us-gaap-2009-01-31.xsd#us-gaap_CommonStockValue" xlink:label="loc_CommonStockValue" />
    <calculationArc xlink:type="arc" xlink:arcrole="http://www.xbrl.org/2003/arcrole/summation-item" xlink:from="us-gaap_StockholdersEquity_634066783455334778" xlink:to="loc_CommonStockValue" order="2" use="optional" weight="1" />
    <loc xlink:type="locator" xlink:href="http://taxonomies.xbrl.us/us-gaap/2009/elts/us-gaap-2009-01-31.xsd#us-gaap_TreasuryStockValue" xlink:label="loc_TreasuryStockValue" />
    <calculationArc xlink:type="arc" xlink:arcrole="http://www.xbrl.org/2003/arcrole/summation-item" xlink:from="us-gaap_StockholdersEquity_634066783455334778" xlink:to="loc_TreasuryStockValue" order="3" use="optional" weight="-1" />
    <loc xlink:type="locator" xlink:href="http://taxonomies.xbrl.us/us-gaap/2009/elts/us-gaap-2009-01-31.xsd#us-gaap_AccumulatedOtherComprehensiveIncomeLossNetOfTax" xlink:label="loc_AccumulatedOtherComprehensiveIncomeLossNetOfTax" />
    <calculationArc xlink:type="arc" xlink:arcrole="http://www.xbrl.org/2003/arcrole/summation-item" xlink:from="us-gaap_StockholdersEquity_634066783455334778" xlink:to="loc_AccumulatedOtherComprehensiveIncomeLossNetOfTax" order="4" use="optional" weight="1" />
    <loc xlink:type="locator" xlink:href="http://taxonomies.xbrl.us/us-gaap/2009/elts/us-gaap-2009-01-31.xsd#us-gaap_RetainedEarningsAccumulatedDeficit" xlink:label="loc_RetainedEarningsAccumulatedDeficit" />
    <calculationArc xlink:type="arc" xlink:arcrole="http://www.xbrl.org/2003/arcrole/summation-item" xlink:from="us-gaap_StockholdersEquity_634066783455334778" xlink:to="loc_RetainedEarningsAccumulatedDeficit" order="5" use="optional" weight="1" />
  </calculationLink>
  <calculationLink xlink:role="http://www.ihs.com/role/StatementConsolidatedStatementsOfOperations" xlink:type="extended" xlink:title="00200 - Statement - Consolidated Statements Of Operations">
    <loc xlink:type="locator" xlink:href="http://taxonomies.xbrl.us/us-gaap/2009/elts/us-gaap-2009-01-31.xsd#us-gaap_EarningsPerShareBasic" xlink:label="us-gaap_EarningsPerShareBasic_634280899954408718" />
    <loc xlink:type="locator" xlink:href="http://taxonomies.xbrl.us/us-gaap/2009/elts/us-gaap-2009-01-31.xsd#us-gaap_EarningsPerShareDiluted" xlink:label="us-gaap_EarningsPerShareDiluted_634280899954408718" />
    <loc xlink:type="locator" xlink:href="http://taxonomies.xbrl.us/us-gaap/2009/elts/us-gaap-2009-01-31.xsd#us-gaap_IncomeLossFromContinuingOperationsPerBasicShare" xlink:label="us-gaap_IncomeLossFromContinuingOperationsPerBasicShare_634280899954408718" />
    <loc xlink:type="locator" xlink:href="http://taxonomies.xbrl.us/us-gaap/2009/elts/us-gaap-2009-01-31.xsd#us-gaap_IncomeLossFromContinuingOperationsPerDilutedShare" xlink:label="us-gaap_IncomeLossFromContinuingOperationsPerDilutedShare_634280899954252752" />
    <loc xlink:type="locator" xlink:href="http://taxonomies.xbrl.us/us-gaap/2009/elts/us-gaap-2009-01-31.xsd#us-gaap_IncomeLossFromDiscontinuedOperationsNetOfTaxPerBasicShare" xlink:label="us-gaap_IncomeLossFromDiscontinuedOperationsNetOfTaxPerBasicShare_634280899954408718" />
    <loc xlink:type="locator" xlink:href="http://taxonomies.xbrl.us/us-gaap/2009/elts/us-gaap-2009-01-31.xsd#us-gaap_IncomeLossFromDiscontinuedOperationsNetOfTaxPerDilutedShare" xlink:label="us-gaap_IncomeLossFromDiscontinuedOperationsNetOfTaxPerDilutedShare_634280899954252752" />
    <loc xlink:type="locator" xlink:href="http://taxonomies.xbrl.us/us-gaap/2009/elts/us-gaap-2009-01-31.xsd#us-gaap_NetIncomeLoss" xlink:label="us-gaap_NetIncomeLoss_634280899952381160" />
    <loc xlink:type="locator" xlink:href="http://taxonomies.xbrl.us/us-gaap/2009/elts/us-gaap-2009-01-31.xsd#us-gaap_NetIncomeLossAttributableToNoncontrollingInterest" xlink:label="us-gaap_NetIncomeLossAttributableToNoncontrollingInterest_634067787275663293" />
    <calculationArc xlink:type="arc" xlink:arcrole="http://www.xbrl.org/2003/arcrole/summation-item" xlink:from="us-gaap_NetIncomeLoss_634280899952381160" xlink:to="us-gaap_NetIncomeLossAttributableToNoncontrollingInterest_634067787275663293" order="1" use="optional" weight="-1" priority="1" />
    <loc xlink:type="locator" xlink:href="http://taxonomies.xbrl.us/us-gaap/2009/elts/us-gaap-2009-01-31.xsd#us-gaap_ProfitLoss" xlink:label="loc_ProfitLoss" />
    <calculationArc xlink:type="arc" xlink:arcrole="http://www.xbrl.org/2003/arcrole/summation-item" xlink:from="us-gaap_NetIncomeLoss_634280899952381160" xlink:to="loc_ProfitLoss" order="2" use="optional" weight="1" />
    <loc xlink:type="locator" xlink:href="http://taxonomies.xbrl.us/us-gaap/2009/elts/us-gaap-2009-01-31.xsd#us-gaap_IncomeLossFromContinuingOperationsIncludingPortionAttributableToNoncontrollingInterest" xlink:label="us-gaap_IncomeLossFromContinuingOperationsIncludingPortionAttributableToNoncontrollingInterest_634066876486815688" />
    <calculationArc xlink:type="arc" xlink:arcrole="http://www.xbrl.org/2003/arcrole/summation-item" xlink:from="loc_ProfitLoss" xlink:to="us-gaap_IncomeLossFromContinuingOperationsIncludingPortionAttributableToNoncontrollingInterest_634066876486815688" order="1" use="optional" weight="1" priority="2" />
    <loc xlink:type="locator" xlink:href="http://taxonomies.xbrl.us/us-gaap/2009/elts/us-gaap-2009-01-31.xsd#us-gaap_IncomeLossFromContinuingOperationsBeforeIncomeTaxesMinorityInterestAndIncomeLossFromEquityMethodInvestments" xlink:label="loc_IncomeLossFromContinuingOperationsBeforeIncomeTaxesMinorityInterestAndIncomeLossFromEquityMethodInvestments" />
    <calculationArc xlink:type="arc" xlink:arcrole="http://www.xbrl.org/2003/arcrole/summation-item" xlink:from="us-gaap_IncomeLossFromContinuingOperationsIncludingPortionAttributableToNoncontrollingInterest_634066876486815688" xlink:to="loc_IncomeLossFromContinuingOperationsBeforeIncomeTaxesMinorityInterestAndIncomeLossFromEquityMethodInvestments" order="1" use="optional" weight="1" />
    <loc xlink:type="locator" xlink:href="http://taxonomies.xbrl.us/us-gaap/2009/elts/us-gaap-2009-01-31.xsd#us-gaap_OperatingIncomeLoss" xlink:label="loc_OperatingIncomeLoss" />
    <calculationArc xlink:type="arc" xlink:arcrole="http://www.xbrl.org/2003/arcrole/summation-item" xlink:from="loc_IncomeLossFromContinuingOperationsBeforeIncomeTaxesMinorityInterestAndIncomeLossFromEquityMethodInvestments" xlink:to="loc_OperatingIncomeLoss" order="1" use="optional" weight="1" />
    <loc xlink:type="locator" xlink:href="http://taxonomies.xbrl.us/us-gaap/2009/elts/us-gaap-2009-01-31.xsd#us-gaap_SalesRevenueNet" xlink:label="us-gaap_SalesRevenueNet_634092577107282245" />
    <calculationArc xlink:type="arc" xlink:arcrole="http://www.xbrl.org/2003/arcrole/summation-item" xlink:from="loc_OperatingIncomeLoss" xlink:to="us-gaap_SalesRevenueNet_634092577107282245" order="1" use="optional" weight="1" priority="1" />
    <loc xlink:type="locator" xlink:href="http://taxonomies.xbrl.us/us-gaap/2009/elts/us-gaap-2009-01-31.xsd#us-gaap_SalesRevenueServicesNet" xlink:label="us-gaap_SalesRevenueServicesNet_634092553809765391" />
    <calculationArc xlink:type="arc" xlink:arcrole="http://www.xbrl.org/2003/arcrole/summation-item" xlink:from="us-gaap_SalesRevenueNet_634092577107282245" xlink:to="us-gaap_SalesRevenueServicesNet_634092553809765391" order="1" use="optional" weight="1" priority="2" />
    <loc xlink:type="locator" xlink:href="http://taxonomies.xbrl.us/us-gaap/2009/elts/us-gaap-2009-01-31.xsd#us-gaap_SalesRevenueGoodsNet" xlink:label="us-gaap_SalesRevenueGoodsNet_634092553929611442" />
    <calculationArc xlink:type="arc" xlink:arcrole="http://www.xbrl.org/2003/arcrole/summation-item" xlink:from="us-gaap_SalesRevenueNet_634092577107282245" xlink:to="us-gaap_SalesRevenueGoodsNet_634092553929611442" order="2" use="optional" weight="1" priority="2" />
    <loc xlink:type="locator" xlink:href="http://taxonomies.xbrl.us/us-gaap/2009/elts/us-gaap-2009-01-31.xsd#us-gaap_OperatingExpenses" xlink:label="us-gaap_OperatingExpenses_634092577226185451" />
    <calculationArc xlink:type="arc" xlink:arcrole="http://www.xbrl.org/2003/arcrole/summation-item" xlink:from="loc_OperatingIncomeLoss" xlink:to="us-gaap_OperatingExpenses_634092577226185451" order="2" use="optional" weight="-1" priority="2" />
    <loc xlink:type="locator" xlink:href="http://taxonomies.xbrl.us/us-gaap/2009/elts/us-gaap-2009-01-31.xsd#us-gaap_CostOfGoodsAndServicesSold" xlink:label="us-gaap_CostOfGoodsAndServicesSold_634115948352381624" />
    <calculationArc xlink:type="arc" xlink:arcrole="http://www.xbrl.org/2003/arcrole/summation-item" xlink:from="us-gaap_OperatingExpenses_634092577226185451" xlink:to="us-gaap_CostOfGoodsAndServicesSold_634115948352381624" order="1" use="optional" weight="1" priority="2" />
    <loc xlink:type="locator" xlink:href="http://taxonomies.xbrl.us/us-gaap/2009/elts/us-gaap-2009-01-31.xsd#us-gaap_CostOfGoodsSold" xlink:label="loc_CostOfGoodsSold" />
    <calculationArc xlink:type="arc" xlink:arcrole="http://www.xbrl.org/2003/arcrole/summation-item" xlink:from="us-gaap_CostOfGoodsAndServicesSold_634115948352381624" xlink:to="loc_CostOfGoodsSold" order="1" use="optional" weight="1" />
    <loc xlink:type="locator" xlink:href="http://taxonomies.xbrl.us/us-gaap/2009/elts/us-gaap-2009-01-31.xsd#us-gaap_CostOfServices" xlink:label="loc_CostOfServices" />
    <calculationArc xlink:type="arc" xlink:arcrole="http://www.xbrl.org/2003/arcrole/summation-item" xlink:from="us-gaap_CostOfGoodsAndServicesSold_634115948352381624" xlink:to="loc_CostOfServices" order="2" use="optional" weight="1" />
    <loc xlink:type="locator" xlink:href="http://taxonomies.xbrl.us/us-gaap/2009/elts/us-gaap-2009-01-31.xsd#us-gaap_DepreciationAndAmortization" xlink:label="us-gaap_DepreciationAndAmortization_634066872736492540" />
    <calculationArc xlink:type="arc" xlink:arcrole="http://www.xbrl.org/2003/arcrole/summation-item" xlink:from="us-gaap_OperatingExpenses_634092577226185451" xlink:to="us-gaap_DepreciationAndAmortization_634066872736492540" order="2" use="optional" weight="1" priority="1" />
    <loc xlink:type="locator" xlink:href="http://taxonomies.xbrl.us/us-gaap/2009/elts/us-gaap-2009-01-31.xsd#us-gaap_RestructuringCharges" xlink:label="us-gaap_RestructuringCharges_634066872883303644" />
    <calculationArc xlink:type="arc" xlink:arcrole="http://www.xbrl.org/2003/arcrole/summation-item" xlink:from="us-gaap_OperatingExpenses_634092577226185451" xlink:to="us-gaap_RestructuringCharges_634066872883303644" order="3" use="optional" weight="1" priority="1" />
    <loc xlink:type="locator" xlink:href="http://taxonomies.xbrl.us/us-gaap/2009/elts/us-gaap-2009-01-31.xsd#us-gaap_GainsLossesOnSalesOfAssets" xlink:label="us-gaap_GainsLossesOnSalesOfAssets_634280308899641508" />
    <calculationArc xlink:type="arc" xlink:arcrole="http://www.xbrl.org/2003/arcrole/summation-item" xlink:from="us-gaap_OperatingExpenses_634092577226185451" xlink:to="us-gaap_GainsLossesOnSalesOfAssets_634280308899641508" order="4" use="optional" weight="-1" priority="2" />
    <loc xlink:type="locator" xlink:href="http://taxonomies.xbrl.us/us-gaap/2009/elts/us-gaap-2009-01-31.xsd#us-gaap_PensionAndOtherPostretirementBenefitExpense" xlink:label="us-gaap_PensionAndOtherPostretirementBenefitExpense_634066873126152844" />
    <calculationArc xlink:type="arc" xlink:arcrole="http://www.xbrl.org/2003/arcrole/summation-item" xlink:from="us-gaap_OperatingExpenses_634092577226185451" xlink:to="us-gaap_PensionAndOtherPostretirementBenefitExpense_634066873126152844" order="5" use="optional" weight="1" priority="1" />
    <loc xlink:type="locator" xlink:href="http://taxonomies.xbrl.us/us-gaap/2009/elts/us-gaap-2009-01-31.xsd#us-gaap_SellingGeneralAndAdministrativeExpense" xlink:label="loc_SellingGeneralAndAdministrativeExpense" />
    <calculationArc xlink:type="arc" xlink:arcrole="http://www.xbrl.org/2003/arcrole/summation-item" xlink:from="us-gaap_OperatingExpenses_634092577226185451" xlink:to="loc_SellingGeneralAndAdministrativeExpense" order="6" use="optional" weight="1" />
    <loc xlink:type="locator" xlink:href="http://taxonomies.xbrl.us/us-gaap/2009/elts/us-gaap-2009-01-31.xsd#us-gaap_OtherOperatingIncome" xlink:label="us-gaap_OtherOperatingIncome_634066873353579868" />
    <calculationArc xlink:type="arc" xlink:arcrole="http://www.xbrl.org/2003/arcrole/summation-item" xlink:from="us-gaap_OperatingExpenses_634092577226185451" xlink:to="us-gaap_OtherOperatingIncome_634066873353579868" order="7" use="optional" weight="-1" priority="1" />
    <loc xlink:type="locator" xlink:href="http://taxonomies.xbrl.us/us-gaap/2009/elts/us-gaap-2009-01-31.xsd#us-gaap_NonoperatingIncomeExpense" xlink:label="us-gaap_NonoperatingIncomeExpense_634066903019606745" />
    <calculationArc xlink:type="arc" xlink:arcrole="http://www.xbrl.org/2003/arcrole/summation-item" xlink:from="loc_IncomeLossFromContinuingOperationsBeforeIncomeTaxesMinorityInterestAndIncomeLossFromEquityMethodInvestments" xlink:to="us-gaap_NonoperatingIncomeExpense_634066903019606745" order="2" use="optional" weight="1" priority="2" />
    <loc xlink:type="locator" xlink:href="http://taxonomies.xbrl.us/us-gaap/2009/elts/us-gaap-2009-01-31.xsd#us-gaap_InterestExpense" xlink:label="us-gaap_InterestExpense_634115949975152580" />
    <calculationArc xlink:type="arc" xlink:arcrole="http://www.xbrl.org/2003/arcrole/summation-item" xlink:from="us-gaap_NonoperatingIncomeExpense_634066903019606745" xlink:to="us-gaap_InterestExpense_634115949975152580" order="1" use="optional" weight="-1" priority="2" />
    <loc xlink:type="locator" xlink:href="http://taxonomies.xbrl.us/us-gaap/2009/elts/us-gaap-2009-01-31.xsd#us-gaap_InvestmentIncomeInterest" xlink:label="us-gaap_InvestmentIncomeInterest_634066907311978873" />
    <calculationArc xlink:type="arc" xlink:arcrole="http://www.xbrl.org/2003/arcrole/summation-item" xlink:from="us-gaap_NonoperatingIncomeExpense_634066903019606745" xlink:to="us-gaap_InvestmentIncomeInterest_634066907311978873" order="2" use="optional" weight="1" priority="2" />
    <loc xlink:type="locator" xlink:href="http://taxonomies.xbrl.us/us-gaap/2009/elts/us-gaap-2009-01-31.xsd#us-gaap_IncomeTaxExpenseBenefit" xlink:label="loc_IncomeTaxExpenseBenefit" />
    <calculationArc xlink:type="arc" xlink:arcrole="http://www.xbrl.org/2003/arcrole/summation-item" xlink:from="us-gaap_IncomeLossFromContinuingOperationsIncludingPortionAttributableToNoncontrollingInterest_634066876486815688" xlink:to="loc_IncomeTaxExpenseBenefit" order="2" use="optional" weight="-1" />
    <loc xlink:type="locator" xlink:href="http://taxonomies.xbrl.us/us-gaap/2009/elts/us-gaap-2009-01-31.xsd#us-gaap_IncomeLossFromEquityMethodInvestments" xlink:label="us-gaap_IncomeLossFromEquityMethodInvestments_634280323961559602" />
    <calculationArc xlink:type="arc" xlink:arcrole="http://www.xbrl.org/2003/arcrole/summation-item" xlink:from="us-gaap_IncomeLossFromContinuingOperationsIncludingPortionAttributableToNoncontrollingInterest_634066876486815688" xlink:to="us-gaap_IncomeLossFromEquityMethodInvestments_634280323961559602" order="3" use="optional" weight="1" priority="2" />
    <loc xlink:type="locator" xlink:href="http://taxonomies.xbrl.us/us-gaap/2009/elts/us-gaap-2009-01-31.xsd#us-gaap_IncomeLossFromDiscontinuedOperationsNetOfTax" xlink:label="us-gaap_IncomeLossFromDiscontinuedOperationsNetOfTax_634066877156892574" />
    <calculationArc xlink:type="arc" xlink:arcrole="http://www.xbrl.org/2003/arcrole/summation-item" xlink:from="loc_ProfitLoss" xlink:to="us-gaap_IncomeLossFromDiscontinuedOperationsNetOfTax_634066877156892574" order="2" use="optional" weight="1" priority="1" />
  </calculationLink>
  <calculationLink xlink:role="http://www.ihs.com/role/StatementConsolidatedStatementOfChangesInShareholdersEquity" xlink:type="extended" xlink:title="00400 - Statement - Consolidated Statement Of Changes In Shareholders' Equity">
    <loc xlink:type="locator" xlink:href="http://taxonomies.xbrl.us/us-gaap/2009/elts/us-gaap-2009-01-31.xsd#us-gaap_OtherComprehensiveIncomeLossNetOfTaxPeriodIncreaseDecrease" xlink:label="us-gaap_OtherComprehensiveIncomeLossNetOfTaxPeriodIncreaseDecrease_634305365545784622" />
    <loc xlink:type="locator" xlink:href="http://taxonomies.xbrl.us/us-gaap/2009/elts/us-gaap-2009-01-31.xsd#us-gaap_OtherComprehensiveIncomeForeignCurrencyTransactionAndTranslationAdjustmentNetOfTaxPeriodIncreaseDecrease" xlink:label="us-gaap_OtherComprehensiveIncomeForeignCurrencyTransactionAndTranslationAdjustmentNetOfTaxPeriodIncreaseDecrease_634302655109486871" />
    <calculationArc xlink:type="arc" xlink:arcrole="http://www.xbrl.org/2003/arcrole/summation-item" xlink:from="us-gaap_OtherComprehensiveIncomeLossNetOfTaxPeriodIncreaseDecrease_634305365545784622" xlink:to="us-gaap_OtherComprehensiveIncomeForeignCurrencyTransactionAndTranslationAdjustmentNetOfTaxPeriodIncreaseDecrease_634302655109486871" order="1" use="optional" weight="1" priority="2" />
    <loc xlink:type="locator" xlink:href="http://taxonomies.xbrl.us/us-gaap/2009/elts/us-gaap-2009-01-31.xsd#us-gaap_OtherComprehensiveIncomeMinimumPensionLiabilityNetAdjustmentNetOfTax" xlink:label="us-gaap_OtherComprehensiveIncomeMinimumPensionLiabilityNetAdjustmentNetOfTax_634302655564379955" />
    <calculationArc xlink:type="arc" xlink:arcrole="http://www.xbrl.org/2003/arcrole/summation-item" xlink:from="us-gaap_OtherComprehensiveIncomeLossNetOfTaxPeriodIncreaseDecrease_634305365545784622" xlink:to="us-gaap_OtherComprehensiveIncomeMinimumPensionLiabilityNetAdjustmentNetOfTax_634302655564379955" order="2" use="optional" weight="1" priority="2" />
    <loc xlink:type="locator" xlink:href="http://taxonomies.xbrl.us/us-gaap/2009/elts/us-gaap-2009-01-31.xsd#us-gaap_NetIncomeLoss" xlink:label="us-gaap_NetIncomeLoss_634302660064167064" />
    <calculationArc xlink:type="arc" xlink:arcrole="http://www.xbrl.org/2003/arcrole/summation-item" xlink:from="us-gaap_OtherComprehensiveIncomeLossNetOfTaxPeriodIncreaseDecrease_634305365545784622" xlink:to="us-gaap_NetIncomeLoss_634302660064167064" order="3" use="optional" weight="1" priority="3" />
  </calculationLink>
  <calculationLink xlink:role="http://www.ihs.com/role/StatementConsolidatedStatementsOfCashFlows" xlink:type="extended" xlink:title="00500 - Statement - Consolidated Statements Of Cash Flows">
    <loc xlink:type="locator" xlink:href="http://taxonomies.xbrl.us/us-gaap/2009/elts/us-gaap-2009-01-31.xsd#us-gaap_CashAndCashEquivalentsPeriodIncreaseDecrease" xlink:label="us-gaap_CashAndCashEquivalentsPeriodIncreaseDecrease_634280890973958118" />
    <loc xlink:type="locator" xlink:href="http://taxonomies.xbrl.us/us-gaap/2009/elts/us-gaap-2009-01-31.xsd#us-gaap_NetCashProvidedByUsedInOperatingActivities" xlink:label="loc_NetCashProvidedByUsedInOperatingActivities" />
    <calculationArc xlink:type="arc" xlink:arcrole="http://www.xbrl.org/2003/arcrole/summation-item" xlink:from="us-gaap_CashAndCashEquivalentsPeriodIncreaseDecrease_634280890973958118" xlink:to="loc_NetCashProvidedByUsedInOperatingActivities" order="1" use="optional" weight="1" priority="2" />
    <loc xlink:type="locator" xlink:href="http://taxonomies.xbrl.us/us-gaap/2009/elts/us-gaap-2009-01-31.xsd#us-gaap_ProfitLoss" xlink:label="us-gaap_ProfitLoss_634207506963909564" />
    <calculationArc xlink:type="arc" xlink:arcrole="http://www.xbrl.org/2003/arcrole/summation-item" xlink:from="loc_NetCashProvidedByUsedInOperatingActivities" xlink:to="us-gaap_ProfitLoss_634207506963909564" order="1" use="optional" weight="1" priority="3" />
    <loc xlink:type="locator" xlink:href="http://taxonomies.xbrl.us/us-gaap/2009/elts/us-gaap-2009-01-31.xsd#us-gaap_DepreciationAndAmortization" xlink:label="us-gaap_DepreciationAndAmortization_634207505992312476" />
    <calculationArc xlink:type="arc" xlink:arcrole="http://www.xbrl.org/2003/arcrole/summation-item" xlink:from="loc_NetCashProvidedByUsedInOperatingActivities" xlink:to="us-gaap_DepreciationAndAmortization_634207505992312476" order="2" use="optional" weight="1" priority="3" />
    <loc xlink:type="locator" xlink:href="http://taxonomies.xbrl.us/us-gaap/2009/elts/us-gaap-2009-01-31.xsd#us-gaap_ShareBasedCompensation" xlink:label="us-gaap_ShareBasedCompensation_634207506121798668" />
    <calculationArc xlink:type="arc" xlink:arcrole="http://www.xbrl.org/2003/arcrole/summation-item" xlink:from="loc_NetCashProvidedByUsedInOperatingActivities" xlink:to="us-gaap_ShareBasedCompensation_634207506121798668" order="3" use="optional" weight="1" priority="2" />
    <loc xlink:type="locator" xlink:href="http://taxonomies.xbrl.us/us-gaap/2009/elts/us-gaap-2009-01-31.xsd#us-gaap_GainsLossesOnSalesOfAssets" xlink:label="us-gaap_GainsLossesOnSalesOfAssets_634280407142604650" />
    <calculationArc xlink:type="arc" xlink:arcrole="http://www.xbrl.org/2003/arcrole/summation-item" xlink:from="loc_NetCashProvidedByUsedInOperatingActivities" xlink:to="us-gaap_GainsLossesOnSalesOfAssets_634280407142604650" order="4" use="optional" weight="-1" priority="2" />
    <loc xlink:type="locator" xlink:href="http://taxonomies.xbrl.us/us-gaap/2009/elts/us-gaap-2009-01-31.xsd#us-gaap_AssetImpairmentCharges" xlink:label="us-gaap_AssetImpairmentCharges_634280897829995832" />
    <calculationArc xlink:type="arc" xlink:arcrole="http://www.xbrl.org/2003/arcrole/summation-item" xlink:from="loc_NetCashProvidedByUsedInOperatingActivities" xlink:to="us-gaap_AssetImpairmentCharges_634280897829995832" order="5" use="optional" weight="1" priority="3" />
    <loc xlink:type="locator" xlink:href="http://taxonomies.xbrl.us/us-gaap/2009/elts/us-gaap-2009-01-31.xsd#us-gaap_ExcessTaxBenefitFromShareBasedCompensationOperatingActivities" xlink:label="us-gaap_ExcessTaxBenefitFromShareBasedCompensationOperatingActivities_634207506218738060" />
    <calculationArc xlink:type="arc" xlink:arcrole="http://www.xbrl.org/2003/arcrole/summation-item" xlink:from="loc_NetCashProvidedByUsedInOperatingActivities" xlink:to="us-gaap_ExcessTaxBenefitFromShareBasedCompensationOperatingActivities_634207506218738060" order="6" use="optional" weight="-1" priority="2" />
    <loc xlink:type="locator" xlink:href="ihs-20101130.xsd#ihs_NetNonCashPeriodicPensionAndPostRetirementBenefitsIncomeExpense" xlink:label="ihs_NetNonCashPeriodicPensionAndPostRetirementBenefitsIncomeExpense_634067742372247613" />
    <calculationArc xlink:type="arc" xlink:arcrole="http://www.xbrl.org/2003/arcrole/summation-item" xlink:from="loc_NetCashProvidedByUsedInOperatingActivities" xlink:to="ihs_NetNonCashPeriodicPensionAndPostRetirementBenefitsIncomeExpense_634067742372247613" order="7" use="optional" weight="1" priority="2" />
    <loc xlink:type="locator" xlink:href="http://taxonomies.xbrl.us/us-gaap/2009/elts/us-gaap-2009-01-31.xsd#us-gaap_EquityMethodInvestmentDividendsOrDistributions" xlink:label="us-gaap_EquityMethodInvestmentDividendsOrDistributions_634280408046304106" />
    <calculationArc xlink:type="arc" xlink:arcrole="http://www.xbrl.org/2003/arcrole/summation-item" xlink:from="loc_NetCashProvidedByUsedInOperatingActivities" xlink:to="us-gaap_EquityMethodInvestmentDividendsOrDistributions_634280408046304106" order="8" use="optional" weight="1" priority="2" />
    <loc xlink:type="locator" xlink:href="http://taxonomies.xbrl.us/us-gaap/2009/elts/us-gaap-2009-01-31.xsd#us-gaap_IncomeLossFromEquityMethodInvestments" xlink:label="us-gaap_IncomeLossFromEquityMethodInvestments_634280408565450602" />
    <calculationArc xlink:type="arc" xlink:arcrole="http://www.xbrl.org/2003/arcrole/summation-item" xlink:from="loc_NetCashProvidedByUsedInOperatingActivities" xlink:to="us-gaap_IncomeLossFromEquityMethodInvestments_634280408565450602" order="9" use="optional" weight="-1" priority="2" />
    <loc xlink:type="locator" xlink:href="http://taxonomies.xbrl.us/us-gaap/2009/elts/us-gaap-2009-01-31.xsd#us-gaap_DeferredIncomeTaxExpenseBenefit" xlink:label="us-gaap_DeferredIncomeTaxExpenseBenefit_634067742733771063" />
    <calculationArc xlink:type="arc" xlink:arcrole="http://www.xbrl.org/2003/arcrole/summation-item" xlink:from="loc_NetCashProvidedByUsedInOperatingActivities" xlink:to="us-gaap_DeferredIncomeTaxExpenseBenefit_634067742733771063" order="10" use="optional" weight="1" priority="1" />
    <loc xlink:type="locator" xlink:href="http://taxonomies.xbrl.us/us-gaap/2009/elts/us-gaap-2009-01-31.xsd#us-gaap_IncreaseDecreaseInAccountsReceivable" xlink:label="us-gaap_IncreaseDecreaseInAccountsReceivable_634067743405143143" />
    <calculationArc xlink:type="arc" xlink:arcrole="http://www.xbrl.org/2003/arcrole/summation-item" xlink:from="loc_NetCashProvidedByUsedInOperatingActivities" xlink:to="us-gaap_IncreaseDecreaseInAccountsReceivable_634067743405143143" order="11" use="optional" weight="1" priority="1" />
    <loc xlink:type="locator" xlink:href="http://taxonomies.xbrl.us/us-gaap/2009/elts/us-gaap-2009-01-31.xsd#us-gaap_IncreaseDecreaseInOtherOperatingAssets" xlink:label="us-gaap_IncreaseDecreaseInOtherOperatingAssets_634067743629868523" />
    <calculationArc xlink:type="arc" xlink:arcrole="http://www.xbrl.org/2003/arcrole/summation-item" xlink:from="loc_NetCashProvidedByUsedInOperatingActivities" xlink:to="us-gaap_IncreaseDecreaseInOtherOperatingAssets_634067743629868523" order="12" use="optional" weight="1" priority="1" />
    <loc xlink:type="locator" xlink:href="http://taxonomies.xbrl.us/us-gaap/2009/elts/us-gaap-2009-01-31.xsd#us-gaap_IncreaseDecreaseInAccountsPayable" xlink:label="us-gaap_IncreaseDecreaseInAccountsPayable_634067743785093273" />
    <calculationArc xlink:type="arc" xlink:arcrole="http://www.xbrl.org/2003/arcrole/summation-item" xlink:from="loc_NetCashProvidedByUsedInOperatingActivities" xlink:to="us-gaap_IncreaseDecreaseInAccountsPayable_634067743785093273" order="13" use="optional" weight="1" priority="1" />
    <loc xlink:type="locator" xlink:href="http://taxonomies.xbrl.us/us-gaap/2009/elts/us-gaap-2009-01-31.xsd#us-gaap_IncreaseDecreaseInAccruedLiabilities" xlink:label="us-gaap_IncreaseDecreaseInAccruedLiabilities_634067744022336778" />
    <calculationArc xlink:type="arc" xlink:arcrole="http://www.xbrl.org/2003/arcrole/summation-item" xlink:from="loc_NetCashProvidedByUsedInOperatingActivities" xlink:to="us-gaap_IncreaseDecreaseInAccruedLiabilities_634067744022336778" order="14" use="optional" weight="1" priority="1" />
    <loc xlink:type="locator" xlink:href="http://taxonomies.xbrl.us/us-gaap/2009/elts/us-gaap-2009-01-31.xsd#us-gaap_IncreaseDecreaseInAccruedIncomeTaxesPayable" xlink:label="us-gaap_IncreaseDecreaseInAccruedIncomeTaxesPayable_634207506554520892" />
    <calculationArc xlink:type="arc" xlink:arcrole="http://www.xbrl.org/2003/arcrole/summation-item" xlink:from="loc_NetCashProvidedByUsedInOperatingActivities" xlink:to="us-gaap_IncreaseDecreaseInAccruedIncomeTaxesPayable_634207506554520892" order="15" use="optional" weight="1" priority="3" />
    <loc xlink:type="locator" xlink:href="http://taxonomies.xbrl.us/us-gaap/2009/elts/us-gaap-2009-01-31.xsd#us-gaap_IncreaseDecreaseInOtherOperatingLiabilities" xlink:label="us-gaap_IncreaseDecreaseInOtherOperatingLiabilities_634067744585051533" />
    <calculationArc xlink:type="arc" xlink:arcrole="http://www.xbrl.org/2003/arcrole/summation-item" xlink:from="loc_NetCashProvidedByUsedInOperatingActivities" xlink:to="us-gaap_IncreaseDecreaseInOtherOperatingLiabilities_634067744585051533" order="16" use="optional" weight="1" priority="1" />
    <loc xlink:type="locator" xlink:href="http://taxonomies.xbrl.us/us-gaap/2009/elts/us-gaap-2009-01-31.xsd#us-gaap_IncreaseDecreaseInDeferredRevenue" xlink:label="us-gaap_IncreaseDecreaseInDeferredRevenue_634067744775927903" />
    <calculationArc xlink:type="arc" xlink:arcrole="http://www.xbrl.org/2003/arcrole/summation-item" xlink:from="loc_NetCashProvidedByUsedInOperatingActivities" xlink:to="us-gaap_IncreaseDecreaseInDeferredRevenue_634067744775927903" order="17" use="optional" weight="1" priority="2" />
    <loc xlink:type="locator" xlink:href="http://taxonomies.xbrl.us/us-gaap/2009/elts/us-gaap-2009-01-31.xsd#us-gaap_NetCashProvidedByUsedInInvestingActivities" xlink:label="loc_NetCashProvidedByUsedInInvestingActivities" />
    <calculationArc xlink:type="arc" xlink:arcrole="http://www.xbrl.org/2003/arcrole/summation-item" xlink:from="us-gaap_CashAndCashEquivalentsPeriodIncreaseDecrease_634280890973958118" xlink:to="loc_NetCashProvidedByUsedInInvestingActivities" order="2" use="optional" weight="1" priority="2" />
    <loc xlink:type="locator" xlink:href="http://taxonomies.xbrl.us/us-gaap/2009/elts/us-gaap-2009-01-31.xsd#us-gaap_PaymentsToAcquirePropertyPlantAndEquipment" xlink:label="us-gaap_PaymentsToAcquirePropertyPlantAndEquipment_634068765870077270" />
    <calculationArc xlink:type="arc" xlink:arcrole="http://www.xbrl.org/2003/arcrole/summation-item" xlink:from="loc_NetCashProvidedByUsedInInvestingActivities" xlink:to="us-gaap_PaymentsToAcquirePropertyPlantAndEquipment_634068765870077270" order="1" use="optional" weight="-1" priority="1" />
    <loc xlink:type="locator" xlink:href="http://taxonomies.xbrl.us/us-gaap/2009/elts/us-gaap-2009-01-31.xsd#us-gaap_PaymentsToAcquireIntangibleAssets" xlink:label="us-gaap_PaymentsToAcquireIntangibleAssets_634280408995869514" />
    <calculationArc xlink:type="arc" xlink:arcrole="http://www.xbrl.org/2003/arcrole/summation-item" xlink:from="loc_NetCashProvidedByUsedInInvestingActivities" xlink:to="us-gaap_PaymentsToAcquireIntangibleAssets_634280408995869514" order="2" use="optional" weight="-1" priority="1" />
    <loc xlink:type="locator" xlink:href="ihs-20101130.xsd#ihs_ChangeInOtherAssets" xlink:label="ihs_ChangeInOtherAssets_634067739142270928" />
    <calculationArc xlink:type="arc" xlink:arcrole="http://www.xbrl.org/2003/arcrole/summation-item" xlink:from="loc_NetCashProvidedByUsedInInvestingActivities" xlink:to="ihs_ChangeInOtherAssets_634067739142270928" order="3" use="optional" weight="1" priority="2" />
    <loc xlink:type="locator" xlink:href="ihs-20101130.xsd#ihs_ProceedsFromSalesOfAssetsAndInvestmentInAffiliate" xlink:label="ihs_ProceedsFromSalesOfAssetsAndInvestmentInAffiliate" />
    <calculationArc xlink:type="arc" xlink:arcrole="http://www.xbrl.org/2003/arcrole/summation-item" xlink:from="loc_NetCashProvidedByUsedInInvestingActivities" xlink:to="ihs_ProceedsFromSalesOfAssetsAndInvestmentInAffiliate" order="4" use="optional" weight="1" priority="1" />
    <loc xlink:type="locator" xlink:href="http://taxonomies.xbrl.us/us-gaap/2009/elts/us-gaap-2009-01-31.xsd#us-gaap_PaymentsForProceedsFromDerivatives" xlink:label="us-gaap_PaymentsForProceedsFromDerivatives_634115917961443548" />
    <calculationArc xlink:type="arc" xlink:arcrole="http://www.xbrl.org/2003/arcrole/summation-item" xlink:from="loc_NetCashProvidedByUsedInInvestingActivities" xlink:to="us-gaap_PaymentsForProceedsFromDerivatives_634115917961443548" order="5" use="optional" weight="-1" priority="2" />
    <loc xlink:type="locator" xlink:href="http://taxonomies.xbrl.us/us-gaap/2009/elts/us-gaap-2009-01-31.xsd#us-gaap_ProceedsFromSaleMaturityAndCollectionsOfInvestments" xlink:label="us-gaap_ProceedsFromSaleMaturityAndCollectionsOfInvestments_634280412978596394" />
    <calculationArc xlink:type="arc" xlink:arcrole="http://www.xbrl.org/2003/arcrole/summation-item" xlink:from="loc_NetCashProvidedByUsedInInvestingActivities" xlink:to="us-gaap_ProceedsFromSaleMaturityAndCollectionsOfInvestments_634280412978596394" order="6" use="optional" weight="1" priority="3" />
    <loc xlink:type="locator" xlink:href="http://taxonomies.xbrl.us/us-gaap/2009/elts/us-gaap-2009-01-31.xsd#us-gaap_PaymentsToAcquireBusinessesNetOfCashAcquired" xlink:label="us-gaap_PaymentsToAcquireBusinessesNetOfCashAcquired_634067739708791193" />
    <calculationArc xlink:type="arc" xlink:arcrole="http://www.xbrl.org/2003/arcrole/summation-item" xlink:from="loc_NetCashProvidedByUsedInInvestingActivities" xlink:to="us-gaap_PaymentsToAcquireBusinessesNetOfCashAcquired_634067739708791193" order="7" use="optional" weight="-1" priority="1" />
    <loc xlink:type="locator" xlink:href="http://taxonomies.xbrl.us/us-gaap/2009/elts/us-gaap-2009-01-31.xsd#us-gaap_NetCashProvidedByUsedInFinancingActivities" xlink:label="loc_NetCashProvidedByUsedInFinancingActivities" />
    <calculationArc xlink:type="arc" xlink:arcrole="http://www.xbrl.org/2003/arcrole/summation-item" xlink:from="us-gaap_CashAndCashEquivalentsPeriodIncreaseDecrease_634280890973958118" xlink:to="loc_NetCashProvidedByUsedInFinancingActivities" order="3" use="optional" weight="1" />
    <loc xlink:type="locator" xlink:href="http://taxonomies.xbrl.us/us-gaap/2009/elts/us-gaap-2009-01-31.xsd#us-gaap_ProceedsFromShortTermDebt" xlink:label="us-gaap_ProceedsFromShortTermDebt_634115928069073396" />
    <calculationArc xlink:type="arc" xlink:arcrole="http://www.xbrl.org/2003/arcrole/summation-item" xlink:from="loc_NetCashProvidedByUsedInFinancingActivities" xlink:to="us-gaap_ProceedsFromShortTermDebt_634115928069073396" order="1" use="optional" weight="1" priority="2" />
    <loc xlink:type="locator" xlink:href="http://taxonomies.xbrl.us/us-gaap/2009/elts/us-gaap-2009-01-31.xsd#us-gaap_RepaymentsOfShortTermDebt" xlink:label="us-gaap_RepaymentsOfShortTermDebt_634115927503303009" />
    <calculationArc xlink:type="arc" xlink:arcrole="http://www.xbrl.org/2003/arcrole/summation-item" xlink:from="loc_NetCashProvidedByUsedInFinancingActivities" xlink:to="us-gaap_RepaymentsOfShortTermDebt_634115927503303009" order="2" use="optional" weight="-1" priority="2" />
    <loc xlink:type="locator" xlink:href="http://taxonomies.xbrl.us/us-gaap/2009/elts/us-gaap-2009-01-31.xsd#us-gaap_ExcessTaxBenefitFromShareBasedCompensationFinancingActivities" xlink:label="us-gaap_ExcessTaxBenefitFromShareBasedCompensationFinancingActivities_634067738127401498" />
    <calculationArc xlink:type="arc" xlink:arcrole="http://www.xbrl.org/2003/arcrole/summation-item" xlink:from="loc_NetCashProvidedByUsedInFinancingActivities" xlink:to="us-gaap_ExcessTaxBenefitFromShareBasedCompensationFinancingActivities_634067738127401498" order="3" use="optional" weight="1" priority="1" />
    <loc xlink:type="locator" xlink:href="http://taxonomies.xbrl.us/us-gaap/2009/elts/us-gaap-2009-01-31.xsd#us-gaap_ProceedsFromStockOptionsExercised" xlink:label="us-gaap_ProceedsFromStockOptionsExercised_634067738267504353" />
    <calculationArc xlink:type="arc" xlink:arcrole="http://www.xbrl.org/2003/arcrole/summation-item" xlink:from="loc_NetCashProvidedByUsedInFinancingActivities" xlink:to="us-gaap_ProceedsFromStockOptionsExercised_634067738267504353" order="4" use="optional" weight="1" priority="1" />
    <loc xlink:type="locator" xlink:href="http://taxonomies.xbrl.us/us-gaap/2009/elts/us-gaap-2009-01-31.xsd#us-gaap_PaymentsForRepurchaseOfCommonStock" xlink:label="us-gaap_PaymentsForRepurchaseOfCommonStock_634067738463387973" />
    <calculationArc xlink:type="arc" xlink:arcrole="http://www.xbrl.org/2003/arcrole/summation-item" xlink:from="loc_NetCashProvidedByUsedInFinancingActivities" xlink:to="us-gaap_PaymentsForRepurchaseOfCommonStock_634067738463387973" order="5" use="optional" weight="-1" priority="1" />
    <loc xlink:type="locator" xlink:href="http://taxonomies.xbrl.us/us-gaap/2009/elts/us-gaap-2009-01-31.xsd#us-gaap_EffectOfExchangeRateOnCashAndCashEquivalents" xlink:label="loc_EffectOfExchangeRateOnCashAndCashEquivalents" />
    <calculationArc xlink:type="arc" xlink:arcrole="http://www.xbrl.org/2003/arcrole/summation-item" xlink:from="us-gaap_CashAndCashEquivalentsPeriodIncreaseDecrease_634280890973958118" xlink:to="loc_EffectOfExchangeRateOnCashAndCashEquivalents" order="4" use="optional" weight="1" />
  </calculationLink>
</linkbase>
