<?xml version="1.0" encoding="us-ascii" standalone="no"?>
<!--XBRL document created with Bowne Tagger XBRL Enabler by Bowne Software version 10.0.0.71-->
<!--Based on XBRL 2.1-->
<linkbase xmlns="http://www.xbrl.org/2003/linkbase" xmlns:xsi="http://www.w3.org/2001/XMLSchema-instance" xmlns:xlink="http://www.w3.org/1999/xlink" xsi:schemaLocation="http://www.xbrl.org/2003/linkbase http://www.xbrl.org/2003/xbrl-linkbase-2003-12-31.xsd">
  <roleRef xlink:type="simple" xlink:href="prgs-20101130.xsd#BalanceSheets" roleURI="http://progress.com/role/BalanceSheets" />
  <roleRef xlink:type="simple" xlink:href="prgs-20101130.xsd#StatementsOfOperations" roleURI="http://progress.com/role/StatementsOfOperations" />
  <roleRef xlink:type="simple" xlink:href="prgs-20101130.xsd#StatementsOfCashFlows" roleURI="http://progress.com/role/StatementsOfCashFlows" />
  <roleRef xlink:type="simple" xlink:href="prgs-20101130.xsd#IncomeTaxes" roleURI="http://progress.com/role/IncomeTaxes" />
  <roleRef xlink:type="simple" xlink:href="prgs-20101130.xsd#Investments" roleURI="http://progress.com/role/Investments" />
  <roleRef xlink:type="simple" xlink:href="prgs-20101130.xsd#FairValueMeasurements" roleURI="http://progress.com/role/FairValueMeasurements" />
  <roleRef xlink:type="simple" xlink:href="prgs-20101130.xsd#DerivativeInstruments" roleURI="http://progress.com/role/DerivativeInstruments" />
  <roleRef xlink:type="simple" xlink:href="prgs-20101130.xsd#SegmentInformation" roleURI="http://progress.com/role/SegmentInformation" />
  <roleRef xlink:type="simple" xlink:href="prgs-20101130.xsd#RestructuringCharges" roleURI="http://progress.com/role/RestructuringCharges" />
  <roleRef xlink:type="simple" xlink:href="prgs-20101130.xsd#BalanceSheetsParenthetical" roleURI="http://progress.com/role/BalanceSheetsParenthetical" />
  <roleRef xlink:type="simple" xlink:href="prgs-20101130.xsd#EarningsLossPerShare" roleURI="http://progress.com/role/EarningsLossPerShare" />
  <roleRef xlink:type="simple" xlink:href="prgs-20101130.xsd#BusinessCombinations" roleURI="http://progress.com/role/BusinessCombinations" />
  <roleRef xlink:type="simple" xlink:href="prgs-20101130.xsd#DocumentAndEntityInformation" roleURI="http://progress.com/role/DocumentAndEntityInformation" />
  <roleRef xlink:type="simple" xlink:href="prgs-20101130.xsd#NatureOfBusinessAndSummaryOfSignificantAccountingPolicies" roleURI="http://progress.com/role/NatureOfBusinessAndSummaryOfSignificantAccountingPolicies" />
  <roleRef xlink:type="simple" xlink:href="prgs-20101130.xsd#PropertyAndEquipment" roleURI="http://progress.com/role/PropertyAndEquipment" />
  <roleRef xlink:type="simple" xlink:href="prgs-20101130.xsd#IntangibleAssetsAndGoodwill" roleURI="http://progress.com/role/IntangibleAssetsAndGoodwill" />
  <roleRef xlink:type="simple" xlink:href="prgs-20101130.xsd#ShareholdersEquity" roleURI="http://progress.com/role/ShareholdersEquity" />
  <roleRef xlink:type="simple" xlink:href="prgs-20101130.xsd#RetirementPlan" roleURI="http://progress.com/role/RetirementPlan" />
  <roleRef xlink:type="simple" xlink:href="prgs-20101130.xsd#LongTermDebtCommitmentsAndContingencies" roleURI="http://progress.com/role/LongTermDebtCommitmentsAndContingencies" />
  <roleRef xlink:type="simple" xlink:href="prgs-20101130.xsd#SelectedQuarterlyFinancialData" roleURI="http://progress.com/role/SelectedQuarterlyFinancialData" />
  <roleRef xlink:type="simple" xlink:href="prgs-20101130.xsd#StatementOfStockHoldersEquity" roleURI="http://progress.com/role/StatementOfStockHoldersEquity" />
  <calculationLink xlink:type="extended" xlink:role="http://progress.com/role/BalanceSheets" xlink:title="0110 - Statement - Consolidated Balance Sheets">
    <loc xlink:type="locator" xlink:href="http://taxonomies.xbrl.us/us-gaap/2009/elts/us-gaap-2009-01-31.xsd#us-gaap_LiabilitiesAndStockholdersEquity" xlink:label="loc_LiabilitiesAndStockholdersEquity" />
    <loc xlink:type="locator" xlink:href="http://taxonomies.xbrl.us/us-gaap/2009/elts/us-gaap-2009-01-31.xsd#us-gaap_StockholdersEquity" xlink:label="loc_StockholdersEquity" />
    <calculationArc xlink:type="arc" xlink:arcrole="http://www.xbrl.org/2003/arcrole/summation-item" xlink:from="loc_LiabilitiesAndStockholdersEquity" xlink:to="loc_StockholdersEquity" order="120" use="optional" weight="1" priority="1" />
    <loc xlink:type="locator" xlink:href="prgs-20101130.xsd#prgs_RetainedEarningsIncludingAccumulatedOtherComprehensiveLosses" xlink:label="prgs_RetainedEarningsIncludingAccumulatedOtherComprehensiveLosses" />
    <calculationArc xlink:type="arc" xlink:arcrole="http://www.xbrl.org/2003/arcrole/summation-item" xlink:from="loc_StockholdersEquity" xlink:to="prgs_RetainedEarningsIncludingAccumulatedOtherComprehensiveLosses" order="60" use="optional" weight="1" priority="1" />
    <loc xlink:type="locator" xlink:href="http://taxonomies.xbrl.us/us-gaap/2009/elts/us-gaap-2009-01-31.xsd#us-gaap_CommonStockIncludingAdditionalPaidInCapital" xlink:label="loc_CommonStockIncludingAdditionalPaidInCapital" />
    <calculationArc xlink:type="arc" xlink:arcrole="http://www.xbrl.org/2003/arcrole/summation-item" xlink:from="loc_StockholdersEquity" xlink:to="loc_CommonStockIncludingAdditionalPaidInCapital" order="40" use="optional" weight="1" priority="1" />
    <loc xlink:type="locator" xlink:href="http://taxonomies.xbrl.us/us-gaap/2009/elts/us-gaap-2009-01-31.xsd#us-gaap_OtherLiabilitiesNoncurrent" xlink:label="loc_OtherLiabilitiesNoncurrent" />
    <calculationArc xlink:type="arc" xlink:arcrole="http://www.xbrl.org/2003/arcrole/summation-item" xlink:from="loc_LiabilitiesAndStockholdersEquity" xlink:to="loc_OtherLiabilitiesNoncurrent" order="100" use="optional" weight="1" priority="1" />
    <loc xlink:type="locator" xlink:href="http://taxonomies.xbrl.us/us-gaap/2009/elts/us-gaap-2009-01-31.xsd#us-gaap_DeferredTaxLiabilitiesNoncurrent" xlink:label="loc_DeferredTaxLiabilitiesNoncurrent" />
    <calculationArc xlink:type="arc" xlink:arcrole="http://www.xbrl.org/2003/arcrole/summation-item" xlink:from="loc_LiabilitiesAndStockholdersEquity" xlink:to="loc_DeferredTaxLiabilitiesNoncurrent" order="80" use="optional" weight="1" priority="1" />
    <loc xlink:type="locator" xlink:href="http://taxonomies.xbrl.us/us-gaap/2009/elts/us-gaap-2009-01-31.xsd#us-gaap_DeferredRevenueNoncurrent" xlink:label="loc_DeferredRevenueNoncurrent" />
    <calculationArc xlink:type="arc" xlink:arcrole="http://www.xbrl.org/2003/arcrole/summation-item" xlink:from="loc_LiabilitiesAndStockholdersEquity" xlink:to="loc_DeferredRevenueNoncurrent" order="60" use="optional" weight="1" priority="1" />
    <loc xlink:type="locator" xlink:href="http://taxonomies.xbrl.us/us-gaap/2009/elts/us-gaap-2009-01-31.xsd#us-gaap_LongTermDebtNoncurrent" xlink:label="loc_LongTermDebtNoncurrent" />
    <calculationArc xlink:type="arc" xlink:arcrole="http://www.xbrl.org/2003/arcrole/summation-item" xlink:from="loc_LiabilitiesAndStockholdersEquity" xlink:to="loc_LongTermDebtNoncurrent" order="40" use="optional" weight="1" priority="1" />
    <loc xlink:type="locator" xlink:href="http://taxonomies.xbrl.us/us-gaap/2009/elts/us-gaap-2009-01-31.xsd#us-gaap_LiabilitiesCurrent" xlink:label="loc_LiabilitiesCurrent" />
    <calculationArc xlink:type="arc" xlink:arcrole="http://www.xbrl.org/2003/arcrole/summation-item" xlink:from="loc_LiabilitiesAndStockholdersEquity" xlink:to="loc_LiabilitiesCurrent" order="20" use="optional" weight="1" priority="1" />
    <loc xlink:type="locator" xlink:href="http://taxonomies.xbrl.us/us-gaap/2009/elts/us-gaap-2009-01-31.xsd#us-gaap_AccruedIncomeTaxesCurrent" xlink:label="loc_AccruedIncomeTaxesCurrent" />
    <calculationArc xlink:type="arc" xlink:arcrole="http://www.xbrl.org/2003/arcrole/summation-item" xlink:from="loc_LiabilitiesCurrent" xlink:to="loc_AccruedIncomeTaxesCurrent" order="80" use="optional" weight="1" priority="1" />
    <loc xlink:type="locator" xlink:href="http://taxonomies.xbrl.us/us-gaap/2009/elts/us-gaap-2009-01-31.xsd#us-gaap_AccountsPayableCurrent" xlink:label="loc_AccountsPayableCurrent" />
    <calculationArc xlink:type="arc" xlink:arcrole="http://www.xbrl.org/2003/arcrole/summation-item" xlink:from="loc_LiabilitiesCurrent" xlink:to="loc_AccountsPayableCurrent" order="40" use="optional" weight="1" priority="1" />
    <loc xlink:type="locator" xlink:href="http://taxonomies.xbrl.us/us-gaap/2009/elts/us-gaap-2009-01-31.xsd#us-gaap_LongTermDebtCurrent" xlink:label="loc_LongTermDebtCurrent" />
    <calculationArc xlink:type="arc" xlink:arcrole="http://www.xbrl.org/2003/arcrole/summation-item" xlink:from="loc_LiabilitiesCurrent" xlink:to="loc_LongTermDebtCurrent" order="20" use="optional" weight="1" priority="1" />
    <loc xlink:type="locator" xlink:href="http://taxonomies.xbrl.us/us-gaap/2009/elts/us-gaap-2009-01-31.xsd#us-gaap_Assets" xlink:label="loc_Assets" />
    <loc xlink:type="locator" xlink:href="http://taxonomies.xbrl.us/us-gaap/2009/elts/us-gaap-2009-01-31.xsd#us-gaap_DeferredTaxAssetsNetNoncurrent" xlink:label="loc_DeferredTaxAssetsNetNoncurrent" />
    <calculationArc xlink:type="arc" xlink:arcrole="http://www.xbrl.org/2003/arcrole/summation-item" xlink:from="loc_Assets" xlink:to="loc_DeferredTaxAssetsNetNoncurrent" order="100" use="optional" weight="1" priority="1" />
    <loc xlink:type="locator" xlink:href="http://taxonomies.xbrl.us/us-gaap/2009/elts/us-gaap-2009-01-31.xsd#us-gaap_Goodwill" xlink:label="loc_Goodwill" />
    <calculationArc xlink:type="arc" xlink:arcrole="http://www.xbrl.org/2003/arcrole/summation-item" xlink:from="loc_Assets" xlink:to="loc_Goodwill" order="80" use="optional" weight="1" priority="1" />
    <loc xlink:type="locator" xlink:href="http://taxonomies.xbrl.us/us-gaap/2009/elts/us-gaap-2009-01-31.xsd#us-gaap_PropertyPlantAndEquipmentNet" xlink:label="loc_PropertyPlantAndEquipmentNet" />
    <calculationArc xlink:type="arc" xlink:arcrole="http://www.xbrl.org/2003/arcrole/summation-item" xlink:from="loc_Assets" xlink:to="loc_PropertyPlantAndEquipmentNet" order="40" use="optional" weight="1" priority="1" />
    <loc xlink:type="locator" xlink:href="http://taxonomies.xbrl.us/us-gaap/2009/elts/us-gaap-2009-01-31.xsd#us-gaap_AssetsCurrent" xlink:label="loc_AssetsCurrent" />
    <calculationArc xlink:type="arc" xlink:arcrole="http://www.xbrl.org/2003/arcrole/summation-item" xlink:from="loc_Assets" xlink:to="loc_AssetsCurrent" order="20" use="optional" weight="1" priority="1" />
    <loc xlink:type="locator" xlink:href="http://taxonomies.xbrl.us/us-gaap/2009/elts/us-gaap-2009-01-31.xsd#us-gaap_DeferredTaxAssetsNetCurrent" xlink:label="loc_DeferredTaxAssetsNetCurrent" />
    <calculationArc xlink:type="arc" xlink:arcrole="http://www.xbrl.org/2003/arcrole/summation-item" xlink:from="loc_AssetsCurrent" xlink:to="loc_DeferredTaxAssetsNetCurrent" order="80" use="optional" weight="1" priority="1" />
    <loc xlink:type="locator" xlink:href="http://taxonomies.xbrl.us/us-gaap/2009/elts/us-gaap-2009-01-31.xsd#us-gaap_OtherAssetsCurrent" xlink:label="loc_OtherAssetsCurrent" />
    <calculationArc xlink:type="arc" xlink:arcrole="http://www.xbrl.org/2003/arcrole/summation-item" xlink:from="loc_AssetsCurrent" xlink:to="loc_OtherAssetsCurrent" order="60" use="optional" weight="1" priority="1" />
    <loc xlink:type="locator" xlink:href="http://taxonomies.xbrl.us/us-gaap/2009/elts/us-gaap-2009-01-31.xsd#us-gaap_AccountsReceivableNetCurrent" xlink:label="loc_AccountsReceivableNetCurrent" />
    <calculationArc xlink:type="arc" xlink:arcrole="http://www.xbrl.org/2003/arcrole/summation-item" xlink:from="loc_AssetsCurrent" xlink:to="loc_AccountsReceivableNetCurrent" order="40" use="optional" weight="1" priority="1" />
    <loc xlink:type="locator" xlink:href="http://taxonomies.xbrl.us/us-gaap/2009/elts/us-gaap-2009-01-31.xsd#us-gaap_CashCashEquivalentsAndShortTermInvestments" xlink:label="loc_CashCashEquivalentsAndShortTermInvestments" />
    <calculationArc xlink:type="arc" xlink:arcrole="http://www.xbrl.org/2003/arcrole/summation-item" xlink:from="loc_AssetsCurrent" xlink:to="loc_CashCashEquivalentsAndShortTermInvestments" order="20" use="optional" weight="1" priority="1" />
    <loc xlink:type="locator" xlink:href="http://taxonomies.xbrl.us/us-gaap/2009/elts/us-gaap-2009-01-31.xsd#us-gaap_ShortTermInvestments" xlink:label="loc_ShortTermInvestments" />
    <calculationArc xlink:type="arc" xlink:arcrole="http://www.xbrl.org/2003/arcrole/summation-item" xlink:from="loc_CashCashEquivalentsAndShortTermInvestments" xlink:to="loc_ShortTermInvestments" order="40" use="optional" weight="1" priority="1" />
    <loc xlink:type="locator" xlink:href="http://taxonomies.xbrl.us/us-gaap/2009/elts/us-gaap-2009-01-31.xsd#us-gaap_CashAndCashEquivalentsAtCarryingValue" xlink:label="loc_CashAndCashEquivalentsAtCarryingValue" />
    <calculationArc xlink:type="arc" xlink:arcrole="http://www.xbrl.org/2003/arcrole/summation-item" xlink:from="loc_CashCashEquivalentsAndShortTermInvestments" xlink:to="loc_CashAndCashEquivalentsAtCarryingValue" order="20" use="optional" weight="1" priority="1" />
    <loc xlink:type="locator" xlink:href="http://taxonomies.xbrl.us/us-gaap/2009/elts/us-gaap-2009-01-31.xsd#us-gaap_DeferredRevenueCurrent" xlink:label="loc_DeferredRevenueCurrent" />
    <calculationArc xlink:type="arc" xlink:arcrole="http://www.xbrl.org/2003/arcrole/summation-item" xlink:from="loc_LiabilitiesCurrent" xlink:to="loc_DeferredRevenueCurrent" order="120" use="optional" weight="1" priority="1" />
    <loc xlink:type="locator" xlink:href="http://taxonomies.xbrl.us/us-gaap/2009/elts/us-gaap-2009-01-31.xsd#us-gaap_FiniteLivedIntangibleAssetsNet" xlink:label="loc_FiniteLivedIntangibleAssetsNet" />
    <calculationArc xlink:type="arc" xlink:arcrole="http://www.xbrl.org/2003/arcrole/summation-item" xlink:from="loc_Assets" xlink:to="loc_FiniteLivedIntangibleAssetsNet" order="60" use="optional" weight="1" />
    <loc xlink:type="locator" xlink:href="http://taxonomies.xbrl.us/us-gaap/2009/elts/us-gaap-2009-01-31.xsd#us-gaap_OtherAccruedLiabilitiesCurrent" xlink:label="loc_OtherAccruedLiabilitiesCurrent" />
    <calculationArc xlink:type="arc" xlink:arcrole="http://www.xbrl.org/2003/arcrole/summation-item" xlink:from="loc_LiabilitiesCurrent" xlink:to="loc_OtherAccruedLiabilitiesCurrent" order="100" use="optional" weight="1" />
    <loc xlink:type="locator" xlink:href="http://taxonomies.xbrl.us/us-gaap/2009/elts/us-gaap-2009-01-31.xsd#us-gaap_OtherAssetsNoncurrent" xlink:label="loc_OtherAssetsNoncurrent" />
    <calculationArc xlink:type="arc" xlink:arcrole="http://www.xbrl.org/2003/arcrole/summation-item" xlink:from="loc_Assets" xlink:to="loc_OtherAssetsNoncurrent" order="140" use="optional" weight="1" />
    <loc xlink:type="locator" xlink:href="http://taxonomies.xbrl.us/us-gaap/2009/elts/us-gaap-2009-01-31.xsd#us-gaap_EmployeeRelatedLiabilitiesCurrent" xlink:label="loc_EmployeeRelatedLiabilitiesCurrent" />
    <calculationArc xlink:type="arc" xlink:arcrole="http://www.xbrl.org/2003/arcrole/summation-item" xlink:from="loc_LiabilitiesCurrent" xlink:to="loc_EmployeeRelatedLiabilitiesCurrent" order="60" use="optional" weight="1" />
    <loc xlink:type="locator" xlink:href="http://taxonomies.xbrl.us/us-gaap/2009/elts/us-gaap-2009-01-31.xsd#us-gaap_PreferredStockValue" xlink:label="loc_PreferredStockValue" />
    <calculationArc xlink:type="arc" xlink:arcrole="http://www.xbrl.org/2003/arcrole/summation-item" xlink:from="loc_StockholdersEquity" xlink:to="loc_PreferredStockValue" order="20" use="optional" weight="1" />
    <loc xlink:type="locator" xlink:href="http://taxonomies.xbrl.us/us-gaap/2009/elts/us-gaap-2009-01-31.xsd#us-gaap_LongTermInvestments" xlink:label="loc_LongTermInvestments" />
    <calculationArc xlink:type="arc" xlink:arcrole="http://www.xbrl.org/2003/arcrole/summation-item" xlink:from="loc_Assets" xlink:to="loc_LongTermInvestments" order="120" use="optional" weight="1" />
  </calculationLink>
  <calculationLink xlink:type="extended" xlink:role="http://progress.com/role/StatementsOfOperations" xlink:title="0120 - Statement - Consolidated Statements of Income">
    <loc xlink:type="locator" xlink:href="http://taxonomies.xbrl.us/us-gaap/2009/elts/us-gaap-2009-01-31.xsd#us-gaap_NetIncomeLoss" xlink:label="loc_NetIncomeLoss" />
    <loc xlink:type="locator" xlink:href="http://taxonomies.xbrl.us/us-gaap/2009/elts/us-gaap-2009-01-31.xsd#us-gaap_IncomeTaxExpenseBenefit" xlink:label="loc_IncomeTaxExpenseBenefit" />
    <calculationArc xlink:type="arc" xlink:arcrole="http://www.xbrl.org/2003/arcrole/summation-item" xlink:from="loc_NetIncomeLoss" xlink:to="loc_IncomeTaxExpenseBenefit" order="40" use="optional" weight="-1" priority="1" />
    <loc xlink:type="locator" xlink:href="http://taxonomies.xbrl.us/us-gaap/2009/elts/us-gaap-2009-01-31.xsd#us-gaap_IncomeLossFromContinuingOperationsBeforeIncomeTaxesMinorityInterestAndIncomeLossFromEquityMethodInvestments" xlink:label="loc_IncomeLossFromContinuingOperationsBeforeIncomeTaxesMinorityInterestAndIncomeLossFromEquityMethodInvestments" />
    <calculationArc xlink:type="arc" xlink:arcrole="http://www.xbrl.org/2003/arcrole/summation-item" xlink:from="loc_NetIncomeLoss" xlink:to="loc_IncomeLossFromContinuingOperationsBeforeIncomeTaxesMinorityInterestAndIncomeLossFromEquityMethodInvestments" order="20" use="optional" weight="1" priority="1" />
    <loc xlink:type="locator" xlink:href="http://taxonomies.xbrl.us/us-gaap/2009/elts/us-gaap-2009-01-31.xsd#us-gaap_NonoperatingIncomeExpense" xlink:label="loc_NonoperatingIncomeExpense" />
    <calculationArc xlink:type="arc" xlink:arcrole="http://www.xbrl.org/2003/arcrole/summation-item" xlink:from="loc_IncomeLossFromContinuingOperationsBeforeIncomeTaxesMinorityInterestAndIncomeLossFromEquityMethodInvestments" xlink:to="loc_NonoperatingIncomeExpense" order="40" use="optional" weight="1" priority="1" />
    <loc xlink:type="locator" xlink:href="http://taxonomies.xbrl.us/us-gaap/2009/elts/us-gaap-2009-01-31.xsd#us-gaap_ForeignCurrencyTransactionGainLossBeforeTax" xlink:label="loc_ForeignCurrencyTransactionGainLossBeforeTax" />
    <calculationArc xlink:type="arc" xlink:arcrole="http://www.xbrl.org/2003/arcrole/summation-item" xlink:from="loc_NonoperatingIncomeExpense" xlink:to="loc_ForeignCurrencyTransactionGainLossBeforeTax" order="40" use="optional" weight="1" priority="1" />
    <loc xlink:type="locator" xlink:href="http://taxonomies.xbrl.us/us-gaap/2009/elts/us-gaap-2009-01-31.xsd#us-gaap_OperatingIncomeLoss" xlink:label="loc_OperatingIncomeLoss" />
    <calculationArc xlink:type="arc" xlink:arcrole="http://www.xbrl.org/2003/arcrole/summation-item" xlink:from="loc_IncomeLossFromContinuingOperationsBeforeIncomeTaxesMinorityInterestAndIncomeLossFromEquityMethodInvestments" xlink:to="loc_OperatingIncomeLoss" order="20" use="optional" weight="1" priority="1" />
    <loc xlink:type="locator" xlink:href="http://taxonomies.xbrl.us/us-gaap/2009/elts/us-gaap-2009-01-31.xsd#us-gaap_OperatingExpenses" xlink:label="loc_OperatingExpenses" />
    <calculationArc xlink:type="arc" xlink:arcrole="http://www.xbrl.org/2003/arcrole/summation-item" xlink:from="loc_OperatingIncomeLoss" xlink:to="loc_OperatingExpenses" order="40" use="optional" weight="-1" priority="1" />
    <loc xlink:type="locator" xlink:href="http://taxonomies.xbrl.us/us-gaap/2009/elts/us-gaap-2009-01-31.xsd#us-gaap_BusinessCombinationAcquisitionRelatedCosts" xlink:label="loc_BusinessCombinationAcquisitionRelatedCosts" />
    <calculationArc xlink:type="arc" xlink:arcrole="http://www.xbrl.org/2003/arcrole/summation-item" xlink:from="loc_OperatingExpenses" xlink:to="loc_BusinessCombinationAcquisitionRelatedCosts" order="120" use="optional" weight="1" priority="1" />
    <loc xlink:type="locator" xlink:href="http://taxonomies.xbrl.us/us-gaap/2009/elts/us-gaap-2009-01-31.xsd#us-gaap_RestructuringCharges" xlink:label="loc_RestructuringCharges" />
    <calculationArc xlink:type="arc" xlink:arcrole="http://www.xbrl.org/2003/arcrole/summation-item" xlink:from="loc_OperatingExpenses" xlink:to="loc_RestructuringCharges" order="100" use="optional" weight="1" priority="1" />
    <loc xlink:type="locator" xlink:href="http://taxonomies.xbrl.us/us-gaap/2009/elts/us-gaap-2009-01-31.xsd#us-gaap_GeneralAndAdministrativeExpense" xlink:label="loc_GeneralAndAdministrativeExpense" />
    <calculationArc xlink:type="arc" xlink:arcrole="http://www.xbrl.org/2003/arcrole/summation-item" xlink:from="loc_OperatingExpenses" xlink:to="loc_GeneralAndAdministrativeExpense" order="60" use="optional" weight="1" priority="1" />
    <loc xlink:type="locator" xlink:href="http://taxonomies.xbrl.us/us-gaap/2009/elts/us-gaap-2009-01-31.xsd#us-gaap_SellingAndMarketingExpense" xlink:label="loc_SellingAndMarketingExpense" />
    <calculationArc xlink:type="arc" xlink:arcrole="http://www.xbrl.org/2003/arcrole/summation-item" xlink:from="loc_OperatingExpenses" xlink:to="loc_SellingAndMarketingExpense" order="20" use="optional" weight="1" priority="1" />
    <loc xlink:type="locator" xlink:href="http://taxonomies.xbrl.us/us-gaap/2009/elts/us-gaap-2009-01-31.xsd#us-gaap_GrossProfit" xlink:label="loc_GrossProfit" />
    <calculationArc xlink:type="arc" xlink:arcrole="http://www.xbrl.org/2003/arcrole/summation-item" xlink:from="loc_OperatingIncomeLoss" xlink:to="loc_GrossProfit" order="20" use="optional" weight="1" priority="1" />
    <loc xlink:type="locator" xlink:href="http://taxonomies.xbrl.us/us-gaap/2009/elts/us-gaap-2009-01-31.xsd#us-gaap_OtherNonoperatingIncomeExpense" xlink:label="loc_OtherNonoperatingIncomeExpense" />
    <calculationArc xlink:type="arc" xlink:arcrole="http://www.xbrl.org/2003/arcrole/summation-item" xlink:from="loc_NonoperatingIncomeExpense" xlink:to="loc_OtherNonoperatingIncomeExpense" order="20" use="optional" weight="1" priority="1" />
    <loc xlink:type="locator" xlink:href="http://taxonomies.xbrl.us/us-gaap/2009/elts/us-gaap-2009-01-31.xsd#us-gaap_ResearchAndDevelopmentExpenseSoftwareExcludingAcquiredInProcessCost" xlink:label="loc_ResearchAndDevelopmentExpenseSoftwareExcludingAcquiredInProcessCost" />
    <calculationArc xlink:type="arc" xlink:arcrole="http://www.xbrl.org/2003/arcrole/summation-item" xlink:from="loc_OperatingExpenses" xlink:to="loc_ResearchAndDevelopmentExpenseSoftwareExcludingAcquiredInProcessCost" order="40" use="optional" weight="1" />
    <loc xlink:type="locator" xlink:href="prgs-20101130.xsd#prgs_AmortizationOfOtherAcquiredIntangibles" xlink:label="prgs_AmortizationOfOtherAcquiredIntangibles" />
    <calculationArc xlink:type="arc" xlink:arcrole="http://www.xbrl.org/2003/arcrole/summation-item" xlink:from="loc_OperatingExpenses" xlink:to="prgs_AmortizationOfOtherAcquiredIntangibles" order="80" use="optional" weight="1" priority="1" />
    <loc xlink:type="locator" xlink:href="http://taxonomies.xbrl.us/us-gaap/2009/elts/us-gaap-2009-01-31.xsd#us-gaap_SalesRevenueNet" xlink:label="loc_SalesRevenueNet" />
    <calculationArc xlink:type="arc" xlink:arcrole="http://www.xbrl.org/2003/arcrole/summation-item" xlink:from="loc_GrossProfit" xlink:to="loc_SalesRevenueNet" order="40" use="optional" weight="1" />
    <loc xlink:type="locator" xlink:href="http://taxonomies.xbrl.us/us-gaap/2009/elts/us-gaap-2009-01-31.xsd#us-gaap_LicensesRevenue" xlink:label="loc_LicensesRevenue" />
    <calculationArc xlink:type="arc" xlink:arcrole="http://www.xbrl.org/2003/arcrole/summation-item" xlink:from="loc_SalesRevenueNet" xlink:to="loc_LicensesRevenue" order="20" use="optional" weight="1" />
    <loc xlink:type="locator" xlink:href="http://taxonomies.xbrl.us/us-gaap/2009/elts/us-gaap-2009-01-31.xsd#us-gaap_SalesRevenueServicesNet" xlink:label="loc_SalesRevenueServicesNet" />
    <calculationArc xlink:type="arc" xlink:arcrole="http://www.xbrl.org/2003/arcrole/summation-item" xlink:from="loc_SalesRevenueNet" xlink:to="loc_SalesRevenueServicesNet" order="40" use="optional" weight="1" />
    <loc xlink:type="locator" xlink:href="http://taxonomies.xbrl.us/us-gaap/2009/elts/us-gaap-2009-01-31.xsd#us-gaap_CostOfGoodsAndServicesSold" xlink:label="loc_CostOfGoodsAndServicesSold" />
    <calculationArc xlink:type="arc" xlink:arcrole="http://www.xbrl.org/2003/arcrole/summation-item" xlink:from="loc_GrossProfit" xlink:to="loc_CostOfGoodsAndServicesSold" order="20" use="optional" weight="-1" />
    <loc xlink:type="locator" xlink:href="prgs-20101130.xsd#prgs_AmortizationOfAcquiredIntangiblesForPurchasedTechnology" xlink:label="prgs_AmortizationOfAcquiredIntangiblesForPurchasedTechnology" />
    <calculationArc xlink:type="arc" xlink:arcrole="http://www.xbrl.org/2003/arcrole/summation-item" xlink:from="loc_CostOfGoodsAndServicesSold" xlink:to="prgs_AmortizationOfAcquiredIntangiblesForPurchasedTechnology" order="60" use="optional" weight="1" priority="1" />
    <loc xlink:type="locator" xlink:href="http://taxonomies.xbrl.us/us-gaap/2009/elts/us-gaap-2009-01-31.xsd#us-gaap_LicenseCosts" xlink:label="loc_LicenseCosts" />
    <calculationArc xlink:type="arc" xlink:arcrole="http://www.xbrl.org/2003/arcrole/summation-item" xlink:from="loc_CostOfGoodsAndServicesSold" xlink:to="loc_LicenseCosts" order="40" use="optional" weight="1" />
    <loc xlink:type="locator" xlink:href="http://taxonomies.xbrl.us/us-gaap/2009/elts/us-gaap-2009-01-31.xsd#us-gaap_CostOfServices" xlink:label="loc_CostOfServices" />
    <calculationArc xlink:type="arc" xlink:arcrole="http://www.xbrl.org/2003/arcrole/summation-item" xlink:from="loc_CostOfGoodsAndServicesSold" xlink:to="loc_CostOfServices" order="20" use="optional" weight="1" />
  </calculationLink>
  <calculationLink xlink:type="extended" xlink:role="http://progress.com/role/StatementsOfCashFlows" xlink:title="0140 - Statement - Consolidated Statements of Cash Flows">
    <loc xlink:type="locator" xlink:href="http://taxonomies.xbrl.us/us-gaap/2009/elts/us-gaap-2009-01-31.xsd#us-gaap_CashAndCashEquivalentsPeriodIncreaseDecrease" xlink:label="loc_CashAndCashEquivalentsPeriodIncreaseDecrease" />
    <loc xlink:type="locator" xlink:href="http://taxonomies.xbrl.us/us-gaap/2009/elts/us-gaap-2009-01-31.xsd#us-gaap_EffectOfExchangeRateOnCashAndCashEquivalents" xlink:label="loc_EffectOfExchangeRateOnCashAndCashEquivalents" />
    <calculationArc xlink:type="arc" xlink:arcrole="http://www.xbrl.org/2003/arcrole/summation-item" xlink:from="loc_CashAndCashEquivalentsPeriodIncreaseDecrease" xlink:to="loc_EffectOfExchangeRateOnCashAndCashEquivalents" order="80" use="optional" weight="1" priority="1" />
    <loc xlink:type="locator" xlink:href="http://taxonomies.xbrl.us/us-gaap/2009/elts/us-gaap-2009-01-31.xsd#us-gaap_NetCashProvidedByUsedInFinancingActivities" xlink:label="loc_NetCashProvidedByUsedInFinancingActivities" />
    <calculationArc xlink:type="arc" xlink:arcrole="http://www.xbrl.org/2003/arcrole/summation-item" xlink:from="loc_CashAndCashEquivalentsPeriodIncreaseDecrease" xlink:to="loc_NetCashProvidedByUsedInFinancingActivities" order="60" use="optional" weight="1" priority="1" />
    <loc xlink:type="locator" xlink:href="http://taxonomies.xbrl.us/us-gaap/2009/elts/us-gaap-2009-01-31.xsd#us-gaap_PaymentsForRepurchaseOfCommonStock" xlink:label="loc_PaymentsForRepurchaseOfCommonStock" />
    <calculationArc xlink:type="arc" xlink:arcrole="http://www.xbrl.org/2003/arcrole/summation-item" xlink:from="loc_NetCashProvidedByUsedInFinancingActivities" xlink:to="loc_PaymentsForRepurchaseOfCommonStock" order="100" use="optional" weight="-1" priority="1" />
    <loc xlink:type="locator" xlink:href="http://taxonomies.xbrl.us/us-gaap/2009/elts/us-gaap-2009-01-31.xsd#us-gaap_RepaymentsOfLongTermDebt" xlink:label="loc_RepaymentsOfLongTermDebt" />
    <calculationArc xlink:type="arc" xlink:arcrole="http://www.xbrl.org/2003/arcrole/summation-item" xlink:from="loc_NetCashProvidedByUsedInFinancingActivities" xlink:to="loc_RepaymentsOfLongTermDebt" order="80" use="optional" weight="-1" priority="1" />
    <loc xlink:type="locator" xlink:href="http://taxonomies.xbrl.us/us-gaap/2009/elts/us-gaap-2009-01-31.xsd#us-gaap_ExcessTaxBenefitFromShareBasedCompensationFinancingActivities" xlink:label="loc_ExcessTaxBenefitFromShareBasedCompensationFinancingActivities" />
    <calculationArc xlink:type="arc" xlink:arcrole="http://www.xbrl.org/2003/arcrole/summation-item" xlink:from="loc_NetCashProvidedByUsedInFinancingActivities" xlink:to="loc_ExcessTaxBenefitFromShareBasedCompensationFinancingActivities" order="60" use="optional" weight="1" priority="1" />
    <loc xlink:type="locator" xlink:href="http://taxonomies.xbrl.us/us-gaap/2009/elts/us-gaap-2009-01-31.xsd#us-gaap_NetCashProvidedByUsedInInvestingActivities" xlink:label="loc_NetCashProvidedByUsedInInvestingActivities" />
    <calculationArc xlink:type="arc" xlink:arcrole="http://www.xbrl.org/2003/arcrole/summation-item" xlink:from="loc_CashAndCashEquivalentsPeriodIncreaseDecrease" xlink:to="loc_NetCashProvidedByUsedInInvestingActivities" order="40" use="optional" weight="1" priority="1" />
    <loc xlink:type="locator" xlink:href="http://taxonomies.xbrl.us/us-gaap/2009/elts/us-gaap-2009-01-31.xsd#us-gaap_PaymentsToAcquireBusinessesNetOfCashAcquired" xlink:label="loc_PaymentsToAcquireBusinessesNetOfCashAcquired" />
    <calculationArc xlink:type="arc" xlink:arcrole="http://www.xbrl.org/2003/arcrole/summation-item" xlink:from="loc_NetCashProvidedByUsedInInvestingActivities" xlink:to="loc_PaymentsToAcquireBusinessesNetOfCashAcquired" order="100" use="optional" weight="-1" priority="1" />
    <loc xlink:type="locator" xlink:href="http://taxonomies.xbrl.us/us-gaap/2009/elts/us-gaap-2009-01-31.xsd#us-gaap_PaymentsToAcquirePropertyPlantAndEquipment" xlink:label="loc_PaymentsToAcquirePropertyPlantAndEquipment" />
    <calculationArc xlink:type="arc" xlink:arcrole="http://www.xbrl.org/2003/arcrole/summation-item" xlink:from="loc_NetCashProvidedByUsedInInvestingActivities" xlink:to="loc_PaymentsToAcquirePropertyPlantAndEquipment" order="80" use="optional" weight="-1" priority="1" />
    <loc xlink:type="locator" xlink:href="http://taxonomies.xbrl.us/us-gaap/2009/elts/us-gaap-2009-01-31.xsd#us-gaap_ProceedsFromSaleAndMaturityOfAvailableForSaleSecurities" xlink:label="loc_ProceedsFromSaleAndMaturityOfAvailableForSaleSecurities" />
    <calculationArc xlink:type="arc" xlink:arcrole="http://www.xbrl.org/2003/arcrole/summation-item" xlink:from="loc_NetCashProvidedByUsedInInvestingActivities" xlink:to="loc_ProceedsFromSaleAndMaturityOfAvailableForSaleSecurities" order="40" use="optional" weight="1" priority="1" />
    <loc xlink:type="locator" xlink:href="http://taxonomies.xbrl.us/us-gaap/2009/elts/us-gaap-2009-01-31.xsd#us-gaap_PaymentsToAcquireAvailableForSaleSecurities" xlink:label="loc_PaymentsToAcquireAvailableForSaleSecurities" />
    <calculationArc xlink:type="arc" xlink:arcrole="http://www.xbrl.org/2003/arcrole/summation-item" xlink:from="loc_NetCashProvidedByUsedInInvestingActivities" xlink:to="loc_PaymentsToAcquireAvailableForSaleSecurities" order="20" use="optional" weight="-1" priority="1" />
    <loc xlink:type="locator" xlink:href="http://taxonomies.xbrl.us/us-gaap/2009/elts/us-gaap-2009-01-31.xsd#us-gaap_NetCashProvidedByUsedInOperatingActivities" xlink:label="loc_NetCashProvidedByUsedInOperatingActivities" />
    <calculationArc xlink:type="arc" xlink:arcrole="http://www.xbrl.org/2003/arcrole/summation-item" xlink:from="loc_CashAndCashEquivalentsPeriodIncreaseDecrease" xlink:to="loc_NetCashProvidedByUsedInOperatingActivities" order="20" use="optional" weight="1" priority="1" />
    <loc xlink:type="locator" xlink:href="http://taxonomies.xbrl.us/us-gaap/2009/elts/us-gaap-2009-01-31.xsd#us-gaap_IncreaseDecreaseInDeferredRevenue" xlink:label="loc_IncreaseDecreaseInDeferredRevenue" />
    <calculationArc xlink:type="arc" xlink:arcrole="http://www.xbrl.org/2003/arcrole/summation-item" xlink:from="loc_NetCashProvidedByUsedInOperatingActivities" xlink:to="loc_IncreaseDecreaseInDeferredRevenue" order="260" use="optional" weight="1" priority="1" />
    <loc xlink:type="locator" xlink:href="http://taxonomies.xbrl.us/us-gaap/2009/elts/us-gaap-2009-01-31.xsd#us-gaap_IncreaseDecreaseInAccruedIncomeTaxesPayable" xlink:label="loc_IncreaseDecreaseInAccruedIncomeTaxesPayable" />
    <calculationArc xlink:type="arc" xlink:arcrole="http://www.xbrl.org/2003/arcrole/summation-item" xlink:from="loc_NetCashProvidedByUsedInOperatingActivities" xlink:to="loc_IncreaseDecreaseInAccruedIncomeTaxesPayable" order="240" use="optional" weight="1" priority="1" />
    <loc xlink:type="locator" xlink:href="http://taxonomies.xbrl.us/us-gaap/2009/elts/us-gaap-2009-01-31.xsd#us-gaap_IncreaseDecreaseInAccountsPayableAndAccruedLiabilities" xlink:label="loc_IncreaseDecreaseInAccountsPayableAndAccruedLiabilities" />
    <calculationArc xlink:type="arc" xlink:arcrole="http://www.xbrl.org/2003/arcrole/summation-item" xlink:from="loc_NetCashProvidedByUsedInOperatingActivities" xlink:to="loc_IncreaseDecreaseInAccountsPayableAndAccruedLiabilities" order="220" use="optional" weight="1" priority="1" />
    <loc xlink:type="locator" xlink:href="http://taxonomies.xbrl.us/us-gaap/2009/elts/us-gaap-2009-01-31.xsd#us-gaap_IncreaseDecreaseInOtherOperatingAssets" xlink:label="loc_IncreaseDecreaseInOtherOperatingAssets" />
    <calculationArc xlink:type="arc" xlink:arcrole="http://www.xbrl.org/2003/arcrole/summation-item" xlink:from="loc_NetCashProvidedByUsedInOperatingActivities" xlink:to="loc_IncreaseDecreaseInOtherOperatingAssets" order="200" use="optional" weight="-1" priority="1" />
    <loc xlink:type="locator" xlink:href="http://taxonomies.xbrl.us/us-gaap/2009/elts/us-gaap-2009-01-31.xsd#us-gaap_IncreaseDecreaseInAccountsReceivable" xlink:label="loc_IncreaseDecreaseInAccountsReceivable" />
    <calculationArc xlink:type="arc" xlink:arcrole="http://www.xbrl.org/2003/arcrole/summation-item" xlink:from="loc_NetCashProvidedByUsedInOperatingActivities" xlink:to="loc_IncreaseDecreaseInAccountsReceivable" order="180" use="optional" weight="-1" priority="1" />
    <loc xlink:type="locator" xlink:href="http://taxonomies.xbrl.us/us-gaap/2009/elts/us-gaap-2009-01-31.xsd#us-gaap_ExcessTaxBenefitFromShareBasedCompensationOperatingActivities" xlink:label="loc_ExcessTaxBenefitFromShareBasedCompensationOperatingActivities" />
    <calculationArc xlink:type="arc" xlink:arcrole="http://www.xbrl.org/2003/arcrole/summation-item" xlink:from="loc_NetCashProvidedByUsedInOperatingActivities" xlink:to="loc_ExcessTaxBenefitFromShareBasedCompensationOperatingActivities" order="140" use="optional" weight="-1" priority="1" />
    <loc xlink:type="locator" xlink:href="http://taxonomies.xbrl.us/us-gaap/2009/elts/us-gaap-2009-01-31.xsd#us-gaap_TaxBenefitFromStockOptionsExercised" xlink:label="loc_TaxBenefitFromStockOptionsExercised" />
    <calculationArc xlink:type="arc" xlink:arcrole="http://www.xbrl.org/2003/arcrole/summation-item" xlink:from="loc_NetCashProvidedByUsedInOperatingActivities" xlink:to="loc_TaxBenefitFromStockOptionsExercised" order="120" use="optional" weight="1" priority="1" />
    <loc xlink:type="locator" xlink:href="http://taxonomies.xbrl.us/us-gaap/2009/elts/us-gaap-2009-01-31.xsd#us-gaap_DeferredIncomeTaxExpenseBenefit" xlink:label="loc_DeferredIncomeTaxExpenseBenefit" />
    <calculationArc xlink:type="arc" xlink:arcrole="http://www.xbrl.org/2003/arcrole/summation-item" xlink:from="loc_NetCashProvidedByUsedInOperatingActivities" xlink:to="loc_DeferredIncomeTaxExpenseBenefit" order="100" use="optional" weight="1" priority="1" />
    <loc xlink:type="locator" xlink:href="http://taxonomies.xbrl.us/us-gaap/2009/elts/us-gaap-2009-01-31.xsd#us-gaap_ShareBasedCompensation" xlink:label="loc_ShareBasedCompensation" />
    <calculationArc xlink:type="arc" xlink:arcrole="http://www.xbrl.org/2003/arcrole/summation-item" xlink:from="loc_NetCashProvidedByUsedInOperatingActivities" xlink:to="loc_ShareBasedCompensation" order="80" use="optional" weight="1" priority="1" />
    <loc xlink:type="locator" xlink:href="http://taxonomies.xbrl.us/us-gaap/2009/elts/us-gaap-2009-01-31.xsd#us-gaap_NetIncomeLoss" xlink:label="loc_NetIncomeLoss" />
    <calculationArc xlink:type="arc" xlink:arcrole="http://www.xbrl.org/2003/arcrole/summation-item" xlink:from="loc_NetCashProvidedByUsedInOperatingActivities" xlink:to="loc_NetIncomeLoss" order="40" use="optional" weight="1" priority="1" />
    <loc xlink:type="locator" xlink:href="http://taxonomies.xbrl.us/us-gaap/2009/elts/us-gaap-2009-01-31.xsd#us-gaap_AmortizationOfIntangibleAssets" xlink:label="loc_AmortizationOfIntangibleAssets" />
    <calculationArc xlink:type="arc" xlink:arcrole="http://www.xbrl.org/2003/arcrole/summation-item" xlink:from="loc_NetCashProvidedByUsedInOperatingActivities" xlink:to="loc_AmortizationOfIntangibleAssets" order="60" use="optional" weight="1" priority="1" />
    <loc xlink:type="locator" xlink:href="http://taxonomies.xbrl.us/us-gaap/2009/elts/us-gaap-2009-01-31.xsd#us-gaap_PaymentsForProceedsFromOtherInvestingActivities" xlink:label="loc_PaymentsForProceedsFromOtherInvestingActivities" />
    <calculationArc xlink:type="arc" xlink:arcrole="http://www.xbrl.org/2003/arcrole/summation-item" xlink:from="loc_NetCashProvidedByUsedInInvestingActivities" xlink:to="loc_PaymentsForProceedsFromOtherInvestingActivities" order="120" use="optional" weight="-1" priority="1" />
    <loc xlink:type="locator" xlink:href="http://taxonomies.xbrl.us/us-gaap/2009/elts/us-gaap-2009-01-31.xsd#us-gaap_ProceedsFromIssuanceOfSharesUnderIncentiveAndShareBasedCompensationPlansIncludingStockOptions" xlink:label="loc_ProceedsFromIssuanceOfSharesUnderIncentiveAndShareBasedCompensationPlansIncludingStockOptions" />
    <calculationArc xlink:type="arc" xlink:arcrole="http://www.xbrl.org/2003/arcrole/summation-item" xlink:from="loc_NetCashProvidedByUsedInFinancingActivities" xlink:to="loc_ProceedsFromIssuanceOfSharesUnderIncentiveAndShareBasedCompensationPlansIncludingStockOptions" order="20" use="optional" weight="1" />
    <loc xlink:type="locator" xlink:href="http://taxonomies.xbrl.us/us-gaap/2009/elts/us-gaap-2009-01-31.xsd#us-gaap_Depreciation" xlink:label="loc_Depreciation" />
    <calculationArc xlink:type="arc" xlink:arcrole="http://www.xbrl.org/2003/arcrole/summation-item" xlink:from="loc_NetCashProvidedByUsedInOperatingActivities" xlink:to="loc_Depreciation" order="20" use="optional" weight="1" />
    <loc xlink:type="locator" xlink:href="http://taxonomies.xbrl.us/us-gaap/2009/elts/us-gaap-2009-01-31.xsd#us-gaap_ProvisionForDoubtfulAccounts" xlink:label="loc_ProvisionForDoubtfulAccounts" />
    <calculationArc xlink:type="arc" xlink:arcrole="http://www.xbrl.org/2003/arcrole/summation-item" xlink:from="loc_NetCashProvidedByUsedInOperatingActivities" xlink:to="loc_ProvisionForDoubtfulAccounts" order="160" use="optional" weight="1" />
    <loc xlink:type="locator" xlink:href="prgs-20101130.xsd#prgs_WithholdingTaxPaymentRelatingToNetIssuanceOfRestrictedStockUnits" xlink:label="prgs_WithholdingTaxPaymentRelatingToNetIssuanceOfRestrictedStockUnits" />
    <calculationArc xlink:type="arc" xlink:arcrole="http://www.xbrl.org/2003/arcrole/summation-item" xlink:from="loc_NetCashProvidedByUsedInFinancingActivities" xlink:to="prgs_WithholdingTaxPaymentRelatingToNetIssuanceOfRestrictedStockUnits" order="40" use="optional" weight="-1" />
    <loc xlink:type="locator" xlink:href="prgs-20101130.xsd#prgs_RedemptionsOfAuctionRateSecuritiesAvailableForSales" xlink:label="prgs_RedemptionsOfAuctionRateSecuritiesAvailableForSales" />
    <calculationArc xlink:type="arc" xlink:arcrole="http://www.xbrl.org/2003/arcrole/summation-item" xlink:from="loc_NetCashProvidedByUsedInInvestingActivities" xlink:to="prgs_RedemptionsOfAuctionRateSecuritiesAvailableForSales" order="70" use="optional" weight="1" priority="1" />
    <loc xlink:type="locator" xlink:href="prgs-20101130.xsd#prgs_RedemptionsAndSalesOfAuctionRateSecuritiesTrading" xlink:label="prgs_RedemptionsAndSalesOfAuctionRateSecuritiesTrading" />
    <calculationArc xlink:type="arc" xlink:arcrole="http://www.xbrl.org/2003/arcrole/summation-item" xlink:from="loc_NetCashProvidedByUsedInInvestingActivities" xlink:to="prgs_RedemptionsAndSalesOfAuctionRateSecuritiesTrading" order="75" use="optional" weight="1" priority="1" />
  </calculationLink>
  <calculationLink xlink:type="extended" xlink:role="http://progress.com/role/IncomeTaxes" xlink:title="0210 - Disclosure - Income Taxes" />
  <calculationLink xlink:type="extended" xlink:role="http://progress.com/role/Investments" xlink:title="0202 - Disclosure - Investments" />
  <calculationLink xlink:type="extended" xlink:role="http://progress.com/role/FairValueMeasurements" xlink:title="0203 - Disclosure - Fair Value Measurements" />
  <calculationLink xlink:type="extended" xlink:role="http://progress.com/role/DerivativeInstruments" xlink:title="0204 - Disclosure - Derivative Instruments" />
  <calculationLink xlink:type="extended" xlink:role="http://progress.com/role/SegmentInformation" xlink:title="0212 - Disclosure - Business Segments and International Operations" />
  <calculationLink xlink:type="extended" xlink:role="http://progress.com/role/RestructuringCharges" xlink:title="0214 - Disclosure - Restructuring Charges" />
  <calculationLink xlink:type="extended" xlink:role="http://progress.com/role/BalanceSheetsParenthetical" xlink:title="0111 - Statement - Consolidated Balance Sheets (Parenthetical)" />
  <calculationLink xlink:type="extended" xlink:role="http://progress.com/role/EarningsLossPerShare" xlink:title="0207 - Disclosure - Earnings Per Share" />
  <calculationLink xlink:type="extended" xlink:role="http://progress.com/role/BusinessCombinations" xlink:title="0213 - Disclosure - Business Combinations" />
  <calculationLink xlink:type="extended" xlink:role="http://progress.com/role/DocumentAndEntityInformation" xlink:title="00 - Document - Document and Entity Information" />
  <calculationLink xlink:type="extended" xlink:role="http://progress.com/role/NatureOfBusinessAndSummaryOfSignificantAccountingPolicies" xlink:title="0201 - Disclosure - Nature of Business and Summary of Significant Accounting Policies" />
  <calculationLink xlink:type="extended" xlink:role="http://progress.com/role/PropertyAndEquipment" xlink:title="0205 - Disclosure - Property and Equipment" />
  <calculationLink xlink:type="extended" xlink:role="http://progress.com/role/IntangibleAssetsAndGoodwill" xlink:title="0206 - Disclosure - Intangible Assets and Goodwill" />
  <calculationLink xlink:type="extended" xlink:role="http://progress.com/role/ShareholdersEquity" xlink:title="0208 - Disclosure - Shareholders' Equity" />
  <calculationLink xlink:type="extended" xlink:role="http://progress.com/role/RetirementPlan" xlink:title="0209 - Disclosure - Retirement Plan" />
  <calculationLink xlink:type="extended" xlink:role="http://progress.com/role/LongTermDebtCommitmentsAndContingencies" xlink:title="0211 - Disclosure - Long-term Debt, Commitments and Contingencies" />
  <calculationLink xlink:type="extended" xlink:role="http://progress.com/role/SelectedQuarterlyFinancialData" xlink:title="0215 - Disclosure - Selected Quarterly Financial Data (unaudited)" />
  <calculationLink xlink:type="extended" xlink:role="http://progress.com/role/StatementOfStockHoldersEquity" xlink:title="0130 - Statement - Consolidated Statements of Shareholders' Equity">
    <loc xlink:type="locator" xlink:href="http://taxonomies.xbrl.us/us-gaap/2009/elts/us-gaap-2009-01-31.xsd#us-gaap_CumulativeEffectOfInitialAdoptionOfFIN48" xlink:label="loc_CumulativeEffectOfInitialAdoptionOfFIN48" />
    <loc xlink:type="locator" xlink:href="http://taxonomies.xbrl.us/us-gaap/2009/elts/us-gaap-2009-01-31.xsd#us-gaap_AdjustmentsToAdditionalPaidInCapitalTaxEffectFromShareBasedCompensation" xlink:label="loc_AdjustmentsToAdditionalPaidInCapitalTaxEffectFromShareBasedCompensation" />
    <loc xlink:type="locator" xlink:href="prgs-20101130.xsd#prgs_PresentValueOfPaymentsForRepricingOfStockOptions" xlink:label="prgs_PresentValueOfPaymentsForRepricingOfStockOptions" />
    <loc xlink:type="locator" xlink:href="http://taxonomies.xbrl.us/us-gaap/2009/elts/us-gaap-2009-01-31.xsd#us-gaap_StockIssuedDuringPeriodValueEmployeeStockPurchasePlan" xlink:label="loc_StockIssuedDuringPeriodValueEmployeeStockPurchasePlan" />
    <loc xlink:type="locator" xlink:href="http://taxonomies.xbrl.us/us-gaap/2009/elts/us-gaap-2009-01-31.xsd#us-gaap_StockIssuedDuringPeriodValueStockOptionsExercised" xlink:label="loc_StockIssuedDuringPeriodValueStockOptionsExercised" />
    <loc xlink:type="locator" xlink:href="http://taxonomies.xbrl.us/us-gaap/2009/elts/us-gaap-2009-01-31.xsd#us-gaap_AdjustmentsToAdditionalPaidInCapitalSharebasedCompensationRequisiteServicePeriodRecognitionValue" xlink:label="loc_AdjustmentsToAdditionalPaidInCapitalSharebasedCompensationRequisiteServicePeriodRecognitionValue" />
    <loc xlink:type="locator" xlink:href="http://taxonomies.xbrl.us/us-gaap/2009/elts/us-gaap-2009-01-31.xsd#us-gaap_ComprehensiveIncomeNetOfTax" xlink:label="loc_ComprehensiveIncomeNetOfTax" />
    <loc xlink:type="locator" xlink:href="http://taxonomies.xbrl.us/us-gaap/2009/elts/us-gaap-2009-01-31.xsd#us-gaap_OtherComprehensiveIncomeForeignCurrencyTransactionAndTranslationAdjustmentNetOfTaxPeriodIncreaseDecrease" xlink:label="loc_OtherComprehensiveIncomeForeignCurrencyTransactionAndTranslationAdjustmentNetOfTaxPeriodIncreaseDecrease" />
    <calculationArc xlink:type="arc" xlink:arcrole="http://www.xbrl.org/2003/arcrole/summation-item" xlink:from="loc_ComprehensiveIncomeNetOfTax" xlink:to="loc_OtherComprehensiveIncomeForeignCurrencyTransactionAndTranslationAdjustmentNetOfTaxPeriodIncreaseDecrease" order="60" use="optional" weight="1" />
    <loc xlink:type="locator" xlink:href="http://taxonomies.xbrl.us/us-gaap/2009/elts/us-gaap-2009-01-31.xsd#us-gaap_OtherComprehensiveIncomeUnrealizedHoldingGainLossOnSecuritiesArisingDuringPeriodNetOfTax" xlink:label="loc_OtherComprehensiveIncomeUnrealizedHoldingGainLossOnSecuritiesArisingDuringPeriodNetOfTax" />
    <calculationArc xlink:type="arc" xlink:arcrole="http://www.xbrl.org/2003/arcrole/summation-item" xlink:from="loc_ComprehensiveIncomeNetOfTax" xlink:to="loc_OtherComprehensiveIncomeUnrealizedHoldingGainLossOnSecuritiesArisingDuringPeriodNetOfTax" order="40" use="optional" weight="1" />
    <loc xlink:type="locator" xlink:href="http://taxonomies.xbrl.us/us-gaap/2009/elts/us-gaap-2009-01-31.xsd#us-gaap_NetIncomeLoss" xlink:label="loc_NetIncomeLoss" />
    <calculationArc xlink:type="arc" xlink:arcrole="http://www.xbrl.org/2003/arcrole/summation-item" xlink:from="loc_ComprehensiveIncomeNetOfTax" xlink:to="loc_NetIncomeLoss" order="20" use="optional" weight="1" />
    <loc xlink:type="locator" xlink:href="http://taxonomies.xbrl.us/us-gaap/2009/elts/us-gaap-2009-01-31.xsd#us-gaap_StockRepurchasedAndRetiredDuringPeriodValue" xlink:label="loc_StockRepurchasedAndRetiredDuringPeriodValue" />
  </calculationLink>
</linkbase>
