<?xml version="1.0" encoding="us-ascii"?>
<!--XBRL document created with Bowne Tagger XBRL Enabler by Bowne Software version 10.0.0.114-->
<!--Based on XBRL 2.1-->
<link:linkbase xmlns:xbrldt="http://xbrl.org/2005/xbrldt" xmlns:xsi="http://www.w3.org/2001/XMLSchema-instance" xmlns="http://www.xbrl.org/2003/linkbase" xmlns:link="http://www.xbrl.org/2003/linkbase" xmlns:xlink="http://www.w3.org/1999/xlink" xsi:schemaLocation="http://www.xbrl.org/2003/linkbase http://www.xbrl.org/2003/xbrl-linkbase-2003-12-31.xsd">
  <link:roleRef xlink:type="simple" xlink:href="prgs-20101130.xsd#StatementOfStockHoldersEquity" roleURI="http://progress.com/role/StatementOfStockHoldersEquity" />
  <link:arcroleRef xlink:type="simple" xlink:href="http://www.xbrl.org/2005/xbrldt-2005.xsd#hypercube-dimension" arcroleURI="http://xbrl.org/int/dim/arcrole/hypercube-dimension" />
  <link:arcroleRef xlink:type="simple" xlink:href="http://www.xbrl.org/2005/xbrldt-2005.xsd#dimension-domain" arcroleURI="http://xbrl.org/int/dim/arcrole/dimension-domain" />
  <link:arcroleRef xlink:type="simple" xlink:href="http://www.xbrl.org/2005/xbrldt-2005.xsd#dimension-default" arcroleURI="http://xbrl.org/int/dim/arcrole/dimension-default" />
  <link:arcroleRef xlink:type="simple" xlink:href="http://www.xbrl.org/2005/xbrldt-2005.xsd#domain-member" arcroleURI="http://xbrl.org/int/dim/arcrole/domain-member" />
  <link:arcroleRef xlink:type="simple" xlink:href="http://www.xbrl.org/2005/xbrldt-2005.xsd#all" arcroleURI="http://xbrl.org/int/dim/arcrole/all" />
  <link:definitionLink xlink:type="extended" xlink:role="http://progress.com/role/StatementOfStockHoldersEquity" xlink:title="0130 - Statement - Consolidated Statements of Shareholders' Equity">
    <link:loc xlink:type="locator" xlink:href="http://taxonomies.xbrl.us/us-gaap/2009/elts/us-gaap-2009-01-31.xsd#us-gaap_StatementTable" xlink:label="us-gaap_StatementTable" />
    <link:loc xlink:type="locator" xlink:href="http://taxonomies.xbrl.us/us-gaap/2009/elts/us-gaap-2009-01-31.xsd#us-gaap_StatementEquityComponentsAxis" xlink:label="us-gaap_StatementEquityComponentsAxis" />
    <link:loc xlink:type="locator" xlink:href="http://taxonomies.xbrl.us/us-gaap/2009/elts/us-gaap-2009-01-31.xsd#us-gaap_EquityComponentDomain" xlink:label="us-gaap_EquityComponentDomain" />
    <link:loc xlink:type="locator" xlink:href="http://taxonomies.xbrl.us/us-gaap/2009/elts/us-gaap-2009-01-31.xsd#us-gaap_ParentMember" xlink:label="us-gaap_ParentMember" />
    <link:loc xlink:type="locator" xlink:href="http://taxonomies.xbrl.us/us-gaap/2009/elts/us-gaap-2009-01-31.xsd#us-gaap_CommonStockIncludingAdditionalPaidInCapitalMember" xlink:label="us-gaap_CommonStockIncludingAdditionalPaidInCapitalMember" />
    <link:loc xlink:type="locator" xlink:href="prgs-20101130.xsd#prgs_RetainedEarningsAndAccumulatedOtherComprehensiveIncomeMember" xlink:label="prgs_RetainedEarningsAndAccumulatedOtherComprehensiveIncomeMember" />
    <link:loc xlink:type="locator" xlink:href="http://taxonomies.xbrl.us/us-gaap/2009/elts/us-gaap-2009-01-31.xsd#us-gaap_StatementLineItems" xlink:label="us-gaap_StatementLineItems" />
    <link:loc xlink:type="locator" xlink:href="http://taxonomies.xbrl.us/us-gaap/2009/elts/us-gaap-2009-01-31.xsd#us-gaap_StockholdersEquity" xlink:label="us-gaap_StockholdersEquity" />
    <link:loc xlink:type="locator" xlink:href="http://taxonomies.xbrl.us/us-gaap/2009/elts/us-gaap-2009-01-31.xsd#us-gaap_StockIssuedDuringPeriodValueStockOptionsExercised" xlink:label="us-gaap_StockIssuedDuringPeriodValueStockOptionsExercised" />
    <link:loc xlink:type="locator" xlink:href="http://taxonomies.xbrl.us/us-gaap/2009/elts/us-gaap-2009-01-31.xsd#us-gaap_StockIssuedDuringPeriodValueEmployeeStockPurchasePlan" xlink:label="us-gaap_StockIssuedDuringPeriodValueEmployeeStockPurchasePlan" />
    <link:loc xlink:type="locator" xlink:href="http://taxonomies.xbrl.us/us-gaap/2009/elts/us-gaap-2009-01-31.xsd#us-gaap_StockRepurchasedAndRetiredDuringPeriodValue" xlink:label="us-gaap_StockRepurchasedAndRetiredDuringPeriodValue" />
    <link:loc xlink:type="locator" xlink:href="prgs-20101130.xsd#prgs_PresentValueOfPaymentsForRepricingOfStockOptions" xlink:label="prgs_PresentValueOfPaymentsForRepricingOfStockOptions" />
    <link:loc xlink:type="locator" xlink:href="http://taxonomies.xbrl.us/us-gaap/2009/elts/us-gaap-2009-01-31.xsd#us-gaap_AdjustmentsToAdditionalPaidInCapitalSharebasedCompensationRequisiteServicePeriodRecognitionValue" xlink:label="us-gaap_AdjustmentsToAdditionalPaidInCapitalSharebasedCompensationRequisiteServicePeriodRecognitionValue" />
    <link:loc xlink:type="locator" xlink:href="prgs-20101130.xsd#prgs_WithholdingTaxPaymentRelatingToNetIssuanceOfRestrictedStockUnits" xlink:label="prgs_WithholdingTaxPaymentRelatingToNetIssuanceOfRestrictedStockUnits" />
    <link:loc xlink:type="locator" xlink:href="http://taxonomies.xbrl.us/us-gaap/2009/elts/us-gaap-2009-01-31.xsd#us-gaap_AdjustmentsToAdditionalPaidInCapitalTaxEffectFromShareBasedCompensation" xlink:label="us-gaap_AdjustmentsToAdditionalPaidInCapitalTaxEffectFromShareBasedCompensation" />
    <link:loc xlink:type="locator" xlink:href="http://taxonomies.xbrl.us/us-gaap/2009/elts/us-gaap-2009-01-31.xsd#us-gaap_NetIncomeLoss" xlink:label="us-gaap_NetIncomeLoss" />
    <link:loc xlink:type="locator" xlink:href="http://taxonomies.xbrl.us/us-gaap/2009/elts/us-gaap-2009-01-31.xsd#us-gaap_OtherComprehensiveIncomeLossNetOfTaxPeriodIncreaseDecreaseAbstract" xlink:label="us-gaap_OtherComprehensiveIncomeLossNetOfTaxPeriodIncreaseDecreaseAbstract" />
    <link:loc xlink:type="locator" xlink:href="http://taxonomies.xbrl.us/us-gaap/2009/elts/us-gaap-2009-01-31.xsd#us-gaap_OtherComprehensiveIncomeUnrealizedHoldingGainLossOnSecuritiesArisingDuringPeriodNetOfTax" xlink:label="us-gaap_OtherComprehensiveIncomeUnrealizedHoldingGainLossOnSecuritiesArisingDuringPeriodNetOfTax" />
    <link:loc xlink:type="locator" xlink:href="http://taxonomies.xbrl.us/us-gaap/2009/elts/us-gaap-2009-01-31.xsd#us-gaap_OtherComprehensiveIncomeForeignCurrencyTransactionAndTranslationAdjustmentNetOfTaxPeriodIncreaseDecrease" xlink:label="us-gaap_OtherComprehensiveIncomeForeignCurrencyTransactionAndTranslationAdjustmentNetOfTaxPeriodIncreaseDecrease" />
    <link:loc xlink:type="locator" xlink:href="http://taxonomies.xbrl.us/us-gaap/2009/elts/us-gaap-2009-01-31.xsd#us-gaap_ComprehensiveIncomeNetOfTax" xlink:label="us-gaap_ComprehensiveIncomeNetOfTax" />
    <link:loc xlink:type="locator" xlink:href="http://taxonomies.xbrl.us/us-gaap/2009/elts/us-gaap-2009-01-31.xsd#us-gaap_CumulativeEffectOfInitialAdoptionOfFIN48" xlink:label="us-gaap_CumulativeEffectOfInitialAdoptionOfFIN48" />
    <link:definitionArc xlink:type="arc" xlink:arcrole="http://xbrl.org/int/dim/arcrole/hypercube-dimension" xlink:from="us-gaap_StatementTable" xlink:to="us-gaap_StatementEquityComponentsAxis" order="1" />
    <link:definitionArc xlink:type="arc" xlink:arcrole="http://xbrl.org/int/dim/arcrole/dimension-domain" xlink:from="us-gaap_StatementEquityComponentsAxis" xlink:to="us-gaap_EquityComponentDomain" order="1" />
    <link:definitionArc xlink:type="arc" xlink:arcrole="http://xbrl.org/int/dim/arcrole/domain-member" xlink:from="us-gaap_EquityComponentDomain" xlink:to="us-gaap_ParentMember" order="1" />
    <link:definitionArc xlink:type="arc" xlink:arcrole="http://xbrl.org/int/dim/arcrole/domain-member" xlink:from="us-gaap_ParentMember" xlink:to="us-gaap_CommonStockIncludingAdditionalPaidInCapitalMember" order="1" />
    <link:definitionArc xlink:type="arc" xlink:arcrole="http://xbrl.org/int/dim/arcrole/domain-member" xlink:from="us-gaap_ParentMember" xlink:to="prgs_RetainedEarningsAndAccumulatedOtherComprehensiveIncomeMember" order="2" />
    <link:definitionArc xlink:type="arc" xlink:arcrole="http://xbrl.org/int/dim/arcrole/all" xlink:from="us-gaap_StatementLineItems" xlink:to="us-gaap_StatementTable" order="2" xbrldt:closed="true" xbrldt:contextElement="segment" />
    <link:definitionArc xlink:type="arc" xlink:arcrole="http://xbrl.org/int/dim/arcrole/domain-member" xlink:from="us-gaap_StatementLineItems" xlink:to="us-gaap_StockholdersEquity" order="1" />
    <link:definitionArc xlink:type="arc" xlink:arcrole="http://xbrl.org/int/dim/arcrole/domain-member" xlink:from="us-gaap_StatementLineItems" xlink:to="us-gaap_StockIssuedDuringPeriodValueStockOptionsExercised" order="2" />
    <link:definitionArc xlink:type="arc" xlink:arcrole="http://xbrl.org/int/dim/arcrole/domain-member" xlink:from="us-gaap_StatementLineItems" xlink:to="us-gaap_StockIssuedDuringPeriodValueEmployeeStockPurchasePlan" order="3" />
    <link:definitionArc xlink:type="arc" xlink:arcrole="http://xbrl.org/int/dim/arcrole/domain-member" xlink:from="us-gaap_StatementLineItems" xlink:to="us-gaap_StockRepurchasedAndRetiredDuringPeriodValue" order="4" />
    <link:definitionArc xlink:type="arc" xlink:arcrole="http://xbrl.org/int/dim/arcrole/domain-member" xlink:from="us-gaap_StatementLineItems" xlink:to="prgs_PresentValueOfPaymentsForRepricingOfStockOptions" order="5" />
    <link:definitionArc xlink:type="arc" xlink:arcrole="http://xbrl.org/int/dim/arcrole/domain-member" xlink:from="us-gaap_StatementLineItems" xlink:to="us-gaap_AdjustmentsToAdditionalPaidInCapitalSharebasedCompensationRequisiteServicePeriodRecognitionValue" order="6" />
    <link:definitionArc xlink:type="arc" xlink:arcrole="http://xbrl.org/int/dim/arcrole/domain-member" xlink:from="us-gaap_StatementLineItems" xlink:to="prgs_WithholdingTaxPaymentRelatingToNetIssuanceOfRestrictedStockUnits" order="7" />
    <link:definitionArc xlink:type="arc" xlink:arcrole="http://xbrl.org/int/dim/arcrole/domain-member" xlink:from="us-gaap_StatementLineItems" xlink:to="us-gaap_AdjustmentsToAdditionalPaidInCapitalTaxEffectFromShareBasedCompensation" order="8" />
    <link:definitionArc xlink:type="arc" xlink:arcrole="http://xbrl.org/int/dim/arcrole/domain-member" xlink:from="us-gaap_StatementLineItems" xlink:to="us-gaap_NetIncomeLoss" order="9" />
    <link:definitionArc xlink:type="arc" xlink:arcrole="http://xbrl.org/int/dim/arcrole/domain-member" xlink:from="us-gaap_StatementLineItems" xlink:to="us-gaap_OtherComprehensiveIncomeLossNetOfTaxPeriodIncreaseDecreaseAbstract" order="10" />
    <link:definitionArc xlink:type="arc" xlink:arcrole="http://xbrl.org/int/dim/arcrole/domain-member" xlink:from="us-gaap_OtherComprehensiveIncomeLossNetOfTaxPeriodIncreaseDecreaseAbstract" xlink:to="us-gaap_OtherComprehensiveIncomeUnrealizedHoldingGainLossOnSecuritiesArisingDuringPeriodNetOfTax" order="1" />
    <link:definitionArc xlink:type="arc" xlink:arcrole="http://xbrl.org/int/dim/arcrole/domain-member" xlink:from="us-gaap_OtherComprehensiveIncomeLossNetOfTaxPeriodIncreaseDecreaseAbstract" xlink:to="us-gaap_OtherComprehensiveIncomeForeignCurrencyTransactionAndTranslationAdjustmentNetOfTaxPeriodIncreaseDecrease" order="2" />
    <link:definitionArc xlink:type="arc" xlink:arcrole="http://xbrl.org/int/dim/arcrole/domain-member" xlink:from="us-gaap_StatementLineItems" xlink:to="us-gaap_ComprehensiveIncomeNetOfTax" order="11" />
    <link:definitionArc xlink:type="arc" xlink:arcrole="http://xbrl.org/int/dim/arcrole/domain-member" xlink:from="us-gaap_StatementLineItems" xlink:to="us-gaap_CumulativeEffectOfInitialAdoptionOfFIN48" order="12" />
  </link:definitionLink>
  <link:definitionLink xlink:type="extended" xlink:role="http://progress.com/role/StatementOfStockHoldersEquity" xlink:title="0130 - Statement - Consolidated Statements of Shareholders' Equity">
    <link:loc xlink:type="locator" xlink:href="http://taxonomies.xbrl.us/us-gaap/2009/elts/us-gaap-2009-01-31.xsd#us-gaap_StatementEquityComponentsAxis" xlink:label="us-gaap_StatementEquityComponentsAxis" />
    <link:loc xlink:type="locator" xlink:href="http://taxonomies.xbrl.us/us-gaap/2009/elts/us-gaap-2009-01-31.xsd#us-gaap_EquityComponentDomain" xlink:label="us-gaap_EquityComponentDomain" />
    <link:definitionArc xlink:type="arc" xlink:arcrole="http://xbrl.org/int/dim/arcrole/dimension-default" xlink:from="us-gaap_StatementEquityComponentsAxis" xlink:to="us-gaap_EquityComponentDomain" order="1" />
  </link:definitionLink>
</link:linkbase>
