<?xml version="1.0" encoding="us-ascii" standalone="no"?>
<!--XBRL document created with Bowne Tagger XBRL Enabler by Bowne Software version 10.0.0.71-->
<!--Based on XBRL 2.1-->
<linkbase xmlns="http://www.xbrl.org/2003/linkbase" xmlns:xsi="http://www.w3.org/2001/XMLSchema-instance" xmlns:xlink="http://www.w3.org/1999/xlink" xsi:schemaLocation="http://www.xbrl.org/2003/linkbase http://www.xbrl.org/2003/xbrl-linkbase-2003-12-31.xsd">
  <roleRef xlink:type="simple" xlink:href="prgs-20101130.xsd#BalanceSheets" roleURI="http://progress.com/role/BalanceSheets" />
  <roleRef xlink:type="simple" xlink:href="prgs-20101130.xsd#StatementsOfOperations" roleURI="http://progress.com/role/StatementsOfOperations" />
  <roleRef xlink:type="simple" xlink:href="prgs-20101130.xsd#StatementsOfCashFlows" roleURI="http://progress.com/role/StatementsOfCashFlows" />
  <roleRef xlink:type="simple" xlink:href="prgs-20101130.xsd#IncomeTaxes" roleURI="http://progress.com/role/IncomeTaxes" />
  <roleRef xlink:type="simple" xlink:href="prgs-20101130.xsd#Investments" roleURI="http://progress.com/role/Investments" />
  <roleRef xlink:type="simple" xlink:href="prgs-20101130.xsd#FairValueMeasurements" roleURI="http://progress.com/role/FairValueMeasurements" />
  <roleRef xlink:type="simple" xlink:href="prgs-20101130.xsd#DerivativeInstruments" roleURI="http://progress.com/role/DerivativeInstruments" />
  <roleRef xlink:type="simple" xlink:href="prgs-20101130.xsd#SegmentInformation" roleURI="http://progress.com/role/SegmentInformation" />
  <roleRef xlink:type="simple" xlink:href="prgs-20101130.xsd#RestructuringCharges" roleURI="http://progress.com/role/RestructuringCharges" />
  <roleRef xlink:type="simple" xlink:href="prgs-20101130.xsd#BalanceSheetsParenthetical" roleURI="http://progress.com/role/BalanceSheetsParenthetical" />
  <roleRef xlink:type="simple" xlink:href="prgs-20101130.xsd#EarningsLossPerShare" roleURI="http://progress.com/role/EarningsLossPerShare" />
  <roleRef xlink:type="simple" xlink:href="prgs-20101130.xsd#BusinessCombinations" roleURI="http://progress.com/role/BusinessCombinations" />
  <roleRef xlink:type="simple" xlink:href="prgs-20101130.xsd#DocumentAndEntityInformation" roleURI="http://progress.com/role/DocumentAndEntityInformation" />
  <roleRef xlink:type="simple" xlink:href="prgs-20101130.xsd#NatureOfBusinessAndSummaryOfSignificantAccountingPolicies" roleURI="http://progress.com/role/NatureOfBusinessAndSummaryOfSignificantAccountingPolicies" />
  <roleRef xlink:type="simple" xlink:href="prgs-20101130.xsd#PropertyAndEquipment" roleURI="http://progress.com/role/PropertyAndEquipment" />
  <roleRef xlink:type="simple" xlink:href="prgs-20101130.xsd#IntangibleAssetsAndGoodwill" roleURI="http://progress.com/role/IntangibleAssetsAndGoodwill" />
  <roleRef xlink:type="simple" xlink:href="prgs-20101130.xsd#ShareholdersEquity" roleURI="http://progress.com/role/ShareholdersEquity" />
  <roleRef xlink:type="simple" xlink:href="prgs-20101130.xsd#RetirementPlan" roleURI="http://progress.com/role/RetirementPlan" />
  <roleRef xlink:type="simple" xlink:href="prgs-20101130.xsd#LongTermDebtCommitmentsAndContingencies" roleURI="http://progress.com/role/LongTermDebtCommitmentsAndContingencies" />
  <roleRef xlink:type="simple" xlink:href="prgs-20101130.xsd#SelectedQuarterlyFinancialData" roleURI="http://progress.com/role/SelectedQuarterlyFinancialData" />
  <roleRef xlink:type="simple" xlink:href="prgs-20101130.xsd#StatementOfStockHoldersEquity" roleURI="http://progress.com/role/StatementOfStockHoldersEquity" />
  <presentationLink xlink:type="extended" xlink:role="http://progress.com/role/BalanceSheets" xlink:title="0110 - Statement - Consolidated Balance Sheets">
    <loc xlink:type="locator" xlink:href="http://taxonomies.xbrl.us/us-gaap/2009/elts/us-gaap-2009-01-31.xsd#us-gaap_StatementOfFinancialPositionAbstract" xlink:label="loc_StatementOfFinancialPositionAbstract" />
    <loc xlink:type="locator" xlink:href="http://taxonomies.xbrl.us/us-gaap/2009/elts/us-gaap-2009-01-31.xsd#us-gaap_AssetsAbstract" xlink:label="loc_AssetsAbstract" />
    <presentationArc xlink:type="arc" xlink:arcrole="http://www.xbrl.org/2003/arcrole/parent-child" xlink:from="loc_StatementOfFinancialPositionAbstract" xlink:to="loc_AssetsAbstract" order="20" use="optional" preferredLabel="http://www.xbrl.org/2003/role/verboseLabel" />
    <loc xlink:type="locator" xlink:href="http://taxonomies.xbrl.us/us-gaap/2009/elts/us-gaap-2009-01-31.xsd#us-gaap_AssetsCurrentAbstract" xlink:label="loc_AssetsCurrentAbstract" />
    <presentationArc xlink:type="arc" xlink:arcrole="http://www.xbrl.org/2003/arcrole/parent-child" xlink:from="loc_AssetsAbstract" xlink:to="loc_AssetsCurrentAbstract" order="20" use="optional" preferredLabel="http://www.xbrl.org/2003/role/verboseLabel" />
    <loc xlink:type="locator" xlink:href="http://taxonomies.xbrl.us/us-gaap/2009/elts/us-gaap-2009-01-31.xsd#us-gaap_CashAndCashEquivalentsAtCarryingValue" xlink:label="loc_CashAndCashEquivalentsAtCarryingValue" />
    <presentationArc xlink:type="arc" xlink:arcrole="http://www.xbrl.org/2003/arcrole/parent-child" xlink:from="loc_AssetsCurrentAbstract" xlink:to="loc_CashAndCashEquivalentsAtCarryingValue" order="20" use="optional" preferredLabel="http://www.xbrl.org/2003/role/verboseLabel" priority="1" />
    <loc xlink:type="locator" xlink:href="http://taxonomies.xbrl.us/us-gaap/2009/elts/us-gaap-2009-01-31.xsd#us-gaap_ShortTermInvestments" xlink:label="loc_ShortTermInvestments" />
    <presentationArc xlink:type="arc" xlink:arcrole="http://www.xbrl.org/2003/arcrole/parent-child" xlink:from="loc_AssetsCurrentAbstract" xlink:to="loc_ShortTermInvestments" order="40" use="optional" preferredLabel="http://www.xbrl.org/2003/role/totalLabel" priority="1" />
    <loc xlink:type="locator" xlink:href="http://taxonomies.xbrl.us/us-gaap/2009/elts/us-gaap-2009-01-31.xsd#us-gaap_CashCashEquivalentsAndShortTermInvestments" xlink:label="loc_CashCashEquivalentsAndShortTermInvestments" />
    <presentationArc xlink:type="arc" xlink:arcrole="http://www.xbrl.org/2003/arcrole/parent-child" xlink:from="loc_AssetsCurrentAbstract" xlink:to="loc_CashCashEquivalentsAndShortTermInvestments" order="60" use="optional" preferredLabel="http://www.xbrl.org/2003/role/verboseLabel" priority="1" />
    <loc xlink:type="locator" xlink:href="http://taxonomies.xbrl.us/us-gaap/2009/elts/us-gaap-2009-01-31.xsd#us-gaap_AccountsReceivableNetCurrent" xlink:label="loc_AccountsReceivableNetCurrent" />
    <presentationArc xlink:type="arc" xlink:arcrole="http://www.xbrl.org/2003/arcrole/parent-child" xlink:from="loc_AssetsCurrentAbstract" xlink:to="loc_AccountsReceivableNetCurrent" order="80" use="optional" preferredLabel="http://www.xbrl.org/2003/role/verboseLabel" priority="1" />
    <loc xlink:type="locator" xlink:href="http://taxonomies.xbrl.us/us-gaap/2009/elts/us-gaap-2009-01-31.xsd#us-gaap_OtherAssetsCurrent" xlink:label="loc_OtherAssetsCurrent" />
    <presentationArc xlink:type="arc" xlink:arcrole="http://www.xbrl.org/2003/arcrole/parent-child" xlink:from="loc_AssetsCurrentAbstract" xlink:to="loc_OtherAssetsCurrent" order="100" use="optional" preferredLabel="http://www.xbrl.org/2003/role/verboseLabel" priority="1" />
    <loc xlink:type="locator" xlink:href="http://taxonomies.xbrl.us/us-gaap/2009/elts/us-gaap-2009-01-31.xsd#us-gaap_DeferredTaxAssetsNetCurrent" xlink:label="loc_DeferredTaxAssetsNetCurrent" />
    <presentationArc xlink:type="arc" xlink:arcrole="http://www.xbrl.org/2003/arcrole/parent-child" xlink:from="loc_AssetsCurrentAbstract" xlink:to="loc_DeferredTaxAssetsNetCurrent" order="120" use="optional" preferredLabel="http://www.xbrl.org/2003/role/totalLabel" priority="1" />
    <loc xlink:type="locator" xlink:href="http://taxonomies.xbrl.us/us-gaap/2009/elts/us-gaap-2009-01-31.xsd#us-gaap_AssetsCurrent" xlink:label="loc_AssetsCurrent" />
    <presentationArc xlink:type="arc" xlink:arcrole="http://www.xbrl.org/2003/arcrole/parent-child" xlink:from="loc_AssetsCurrentAbstract" xlink:to="loc_AssetsCurrent" order="140" use="optional" preferredLabel="http://www.xbrl.org/2003/role/totalLabel" priority="1" />
    <loc xlink:type="locator" xlink:href="http://taxonomies.xbrl.us/us-gaap/2009/elts/us-gaap-2009-01-31.xsd#us-gaap_PropertyPlantAndEquipmentNet" xlink:label="loc_PropertyPlantAndEquipmentNet" />
    <presentationArc xlink:type="arc" xlink:arcrole="http://www.xbrl.org/2003/arcrole/parent-child" xlink:from="loc_AssetsAbstract" xlink:to="loc_PropertyPlantAndEquipmentNet" order="40" use="optional" preferredLabel="http://www.xbrl.org/2003/role/verboseLabel" priority="1" />
    <loc xlink:type="locator" xlink:href="http://taxonomies.xbrl.us/us-gaap/2009/elts/us-gaap-2009-01-31.xsd#us-gaap_Goodwill" xlink:label="loc_Goodwill" />
    <presentationArc xlink:type="arc" xlink:arcrole="http://www.xbrl.org/2003/arcrole/parent-child" xlink:from="loc_AssetsAbstract" xlink:to="loc_Goodwill" order="80" use="optional" preferredLabel="http://www.xbrl.org/2003/role/verboseLabel" priority="1" />
    <loc xlink:type="locator" xlink:href="http://taxonomies.xbrl.us/us-gaap/2009/elts/us-gaap-2009-01-31.xsd#us-gaap_DeferredTaxAssetsNetNoncurrent" xlink:label="loc_DeferredTaxAssetsNetNoncurrent" />
    <presentationArc xlink:type="arc" xlink:arcrole="http://www.xbrl.org/2003/arcrole/parent-child" xlink:from="loc_AssetsAbstract" xlink:to="loc_DeferredTaxAssetsNetNoncurrent" order="100" use="optional" preferredLabel="http://www.xbrl.org/2003/role/verboseLabel" priority="1" />
    <loc xlink:type="locator" xlink:href="http://taxonomies.xbrl.us/us-gaap/2009/elts/us-gaap-2009-01-31.xsd#us-gaap_Assets" xlink:label="loc_Assets" />
    <presentationArc xlink:type="arc" xlink:arcrole="http://www.xbrl.org/2003/arcrole/parent-child" xlink:from="loc_AssetsAbstract" xlink:to="loc_Assets" order="160" use="optional" preferredLabel="http://www.xbrl.org/2003/role/totalLabel" priority="1" />
    <loc xlink:type="locator" xlink:href="http://taxonomies.xbrl.us/us-gaap/2009/elts/us-gaap-2009-01-31.xsd#us-gaap_LiabilitiesAndStockholdersEquityAbstract" xlink:label="loc_LiabilitiesAndStockholdersEquityAbstract" />
    <presentationArc xlink:type="arc" xlink:arcrole="http://www.xbrl.org/2003/arcrole/parent-child" xlink:from="loc_StatementOfFinancialPositionAbstract" xlink:to="loc_LiabilitiesAndStockholdersEquityAbstract" order="40" use="optional" preferredLabel="http://www.xbrl.org/2003/role/verboseLabel" />
    <loc xlink:type="locator" xlink:href="http://taxonomies.xbrl.us/us-gaap/2009/elts/us-gaap-2009-01-31.xsd#us-gaap_LiabilitiesCurrentAbstract" xlink:label="loc_LiabilitiesCurrentAbstract" />
    <presentationArc xlink:type="arc" xlink:arcrole="http://www.xbrl.org/2003/arcrole/parent-child" xlink:from="loc_LiabilitiesAndStockholdersEquityAbstract" xlink:to="loc_LiabilitiesCurrentAbstract" order="20" use="optional" preferredLabel="http://www.xbrl.org/2003/role/verboseLabel" priority="1" />
    <loc xlink:type="locator" xlink:href="http://taxonomies.xbrl.us/us-gaap/2009/elts/us-gaap-2009-01-31.xsd#us-gaap_LongTermDebtCurrent" xlink:label="loc_LongTermDebtCurrent" />
    <presentationArc xlink:type="arc" xlink:arcrole="http://www.xbrl.org/2003/arcrole/parent-child" xlink:from="loc_LiabilitiesCurrentAbstract" xlink:to="loc_LongTermDebtCurrent" order="20" use="optional" preferredLabel="http://www.xbrl.org/2003/role/verboseLabel" priority="1" />
    <loc xlink:type="locator" xlink:href="http://taxonomies.xbrl.us/us-gaap/2009/elts/us-gaap-2009-01-31.xsd#us-gaap_AccountsPayableCurrent" xlink:label="loc_AccountsPayableCurrent" />
    <presentationArc xlink:type="arc" xlink:arcrole="http://www.xbrl.org/2003/arcrole/parent-child" xlink:from="loc_LiabilitiesCurrentAbstract" xlink:to="loc_AccountsPayableCurrent" order="40" use="optional" preferredLabel="http://www.xbrl.org/2003/role/verboseLabel" priority="1" />
    <loc xlink:type="locator" xlink:href="http://taxonomies.xbrl.us/us-gaap/2009/elts/us-gaap-2009-01-31.xsd#us-gaap_AccruedIncomeTaxesCurrent" xlink:label="loc_AccruedIncomeTaxesCurrent" />
    <presentationArc xlink:type="arc" xlink:arcrole="http://www.xbrl.org/2003/arcrole/parent-child" xlink:from="loc_LiabilitiesCurrentAbstract" xlink:to="loc_AccruedIncomeTaxesCurrent" order="80" use="optional" preferredLabel="http://www.xbrl.org/2003/role/verboseLabel" priority="1" />
    <loc xlink:type="locator" xlink:href="http://taxonomies.xbrl.us/us-gaap/2009/elts/us-gaap-2009-01-31.xsd#us-gaap_DeferredRevenueCurrent" xlink:label="loc_DeferredRevenueCurrent" />
    <presentationArc xlink:type="arc" xlink:arcrole="http://www.xbrl.org/2003/arcrole/parent-child" xlink:from="loc_LiabilitiesCurrentAbstract" xlink:to="loc_DeferredRevenueCurrent" order="120" use="optional" preferredLabel="http://www.xbrl.org/2003/role/totalLabel" priority="1" />
    <loc xlink:type="locator" xlink:href="http://taxonomies.xbrl.us/us-gaap/2009/elts/us-gaap-2009-01-31.xsd#us-gaap_LiabilitiesCurrent" xlink:label="loc_LiabilitiesCurrent" />
    <presentationArc xlink:type="arc" xlink:arcrole="http://www.xbrl.org/2003/arcrole/parent-child" xlink:from="loc_LiabilitiesCurrentAbstract" xlink:to="loc_LiabilitiesCurrent" order="140" use="optional" preferredLabel="http://www.xbrl.org/2003/role/totalLabel" priority="1" />
    <loc xlink:type="locator" xlink:href="http://taxonomies.xbrl.us/us-gaap/2009/elts/us-gaap-2009-01-31.xsd#us-gaap_LongTermDebtNoncurrent" xlink:label="loc_LongTermDebtNoncurrent" />
    <presentationArc xlink:type="arc" xlink:arcrole="http://www.xbrl.org/2003/arcrole/parent-child" xlink:from="loc_LiabilitiesAndStockholdersEquityAbstract" xlink:to="loc_LongTermDebtNoncurrent" order="40" use="optional" preferredLabel="http://www.xbrl.org/2003/role/totalLabel" priority="1" />
    <loc xlink:type="locator" xlink:href="http://taxonomies.xbrl.us/us-gaap/2009/elts/us-gaap-2009-01-31.xsd#us-gaap_DeferredRevenueNoncurrent" xlink:label="loc_DeferredRevenueNoncurrent" />
    <presentationArc xlink:type="arc" xlink:arcrole="http://www.xbrl.org/2003/arcrole/parent-child" xlink:from="loc_LiabilitiesAndStockholdersEquityAbstract" xlink:to="loc_DeferredRevenueNoncurrent" order="60" use="optional" preferredLabel="http://www.xbrl.org/2003/role/totalLabel" priority="1" />
    <loc xlink:type="locator" xlink:href="http://taxonomies.xbrl.us/us-gaap/2009/elts/us-gaap-2009-01-31.xsd#us-gaap_DeferredTaxLiabilitiesNoncurrent" xlink:label="loc_DeferredTaxLiabilitiesNoncurrent" />
    <presentationArc xlink:type="arc" xlink:arcrole="http://www.xbrl.org/2003/arcrole/parent-child" xlink:from="loc_LiabilitiesAndStockholdersEquityAbstract" xlink:to="loc_DeferredTaxLiabilitiesNoncurrent" order="80" use="optional" preferredLabel="http://www.xbrl.org/2003/role/totalLabel" priority="1" />
    <loc xlink:type="locator" xlink:href="http://taxonomies.xbrl.us/us-gaap/2009/elts/us-gaap-2009-01-31.xsd#us-gaap_OtherLiabilitiesNoncurrent" xlink:label="loc_OtherLiabilitiesNoncurrent" />
    <presentationArc xlink:type="arc" xlink:arcrole="http://www.xbrl.org/2003/arcrole/parent-child" xlink:from="loc_LiabilitiesAndStockholdersEquityAbstract" xlink:to="loc_OtherLiabilitiesNoncurrent" order="100" use="optional" preferredLabel="http://www.xbrl.org/2003/role/totalLabel" priority="1" />
    <loc xlink:type="locator" xlink:href="http://taxonomies.xbrl.us/us-gaap/2009/elts/us-gaap-2009-01-31.xsd#us-gaap_CommitmentsAndContingencies2009" xlink:label="loc_CommitmentsAndContingencies2009" />
    <presentationArc xlink:type="arc" xlink:arcrole="http://www.xbrl.org/2003/arcrole/parent-child" xlink:from="loc_LiabilitiesAndStockholdersEquityAbstract" xlink:to="loc_CommitmentsAndContingencies2009" order="120" use="optional" preferredLabel="http://www.xbrl.org/2003/role/verboseLabel" priority="1" />
    <loc xlink:type="locator" xlink:href="http://taxonomies.xbrl.us/us-gaap/2009/elts/us-gaap-2009-01-31.xsd#us-gaap_StockholdersEquityAbstract" xlink:label="loc_StockholdersEquityAbstract" />
    <presentationArc xlink:type="arc" xlink:arcrole="http://www.xbrl.org/2003/arcrole/parent-child" xlink:from="loc_LiabilitiesAndStockholdersEquityAbstract" xlink:to="loc_StockholdersEquityAbstract" order="140" use="optional" preferredLabel="http://www.xbrl.org/2003/role/verboseLabel" priority="1" />
    <loc xlink:type="locator" xlink:href="http://taxonomies.xbrl.us/us-gaap/2009/elts/us-gaap-2009-01-31.xsd#us-gaap_CommonStockIncludingAdditionalPaidInCapital" xlink:label="loc_CommonStockIncludingAdditionalPaidInCapital" />
    <presentationArc xlink:type="arc" xlink:arcrole="http://www.xbrl.org/2003/arcrole/parent-child" xlink:from="loc_StockholdersEquityAbstract" xlink:to="loc_CommonStockIncludingAdditionalPaidInCapital" order="40" use="optional" preferredLabel="http://www.xbrl.org/2003/role/verboseLabel" priority="1" />
    <loc xlink:type="locator" xlink:href="prgs-20101130.xsd#prgs_RetainedEarningsIncludingAccumulatedOtherComprehensiveLosses" xlink:label="prgs_RetainedEarningsIncludingAccumulatedOtherComprehensiveLosses" />
    <presentationArc xlink:type="arc" xlink:arcrole="http://www.xbrl.org/2003/arcrole/parent-child" xlink:from="loc_StockholdersEquityAbstract" xlink:to="prgs_RetainedEarningsIncludingAccumulatedOtherComprehensiveLosses" order="60" use="optional" preferredLabel="http://www.xbrl.org/2003/role/totalLabel" priority="1" />
    <loc xlink:type="locator" xlink:href="http://taxonomies.xbrl.us/us-gaap/2009/elts/us-gaap-2009-01-31.xsd#us-gaap_StockholdersEquity" xlink:label="loc_StockholdersEquity" />
    <presentationArc xlink:type="arc" xlink:arcrole="http://www.xbrl.org/2003/arcrole/parent-child" xlink:from="loc_StockholdersEquityAbstract" xlink:to="loc_StockholdersEquity" order="80" use="optional" preferredLabel="http://www.xbrl.org/2003/role/totalLabel" priority="1" />
    <loc xlink:type="locator" xlink:href="http://taxonomies.xbrl.us/us-gaap/2009/elts/us-gaap-2009-01-31.xsd#us-gaap_LiabilitiesAndStockholdersEquity" xlink:label="loc_LiabilitiesAndStockholdersEquity" />
    <presentationArc xlink:type="arc" xlink:arcrole="http://www.xbrl.org/2003/arcrole/parent-child" xlink:from="loc_LiabilitiesAndStockholdersEquityAbstract" xlink:to="loc_LiabilitiesAndStockholdersEquity" order="160" use="optional" preferredLabel="http://www.xbrl.org/2003/role/totalLabel" priority="1" />
    <loc xlink:type="locator" xlink:href="http://taxonomies.xbrl.us/us-gaap/2009/elts/us-gaap-2009-01-31.xsd#us-gaap_FiniteLivedIntangibleAssetsNet" xlink:label="loc_FiniteLivedIntangibleAssetsNet" />
    <presentationArc xlink:type="arc" xlink:arcrole="http://www.xbrl.org/2003/arcrole/parent-child" xlink:from="loc_AssetsAbstract" xlink:to="loc_FiniteLivedIntangibleAssetsNet" order="60" use="optional" preferredLabel="http://www.xbrl.org/2003/role/verboseLabel" />
    <loc xlink:type="locator" xlink:href="http://taxonomies.xbrl.us/us-gaap/2009/elts/us-gaap-2009-01-31.xsd#us-gaap_OtherAccruedLiabilitiesCurrent" xlink:label="loc_OtherAccruedLiabilitiesCurrent" />
    <presentationArc xlink:type="arc" xlink:arcrole="http://www.xbrl.org/2003/arcrole/parent-child" xlink:from="loc_LiabilitiesCurrentAbstract" xlink:to="loc_OtherAccruedLiabilitiesCurrent" order="100" use="optional" preferredLabel="http://www.xbrl.org/2003/role/verboseLabel" priority="1" />
    <loc xlink:type="locator" xlink:href="http://taxonomies.xbrl.us/us-gaap/2009/elts/us-gaap-2009-01-31.xsd#us-gaap_EmployeeRelatedLiabilitiesCurrent" xlink:label="loc_EmployeeRelatedLiabilitiesCurrent" />
    <presentationArc xlink:type="arc" xlink:arcrole="http://www.xbrl.org/2003/arcrole/parent-child" xlink:from="loc_LiabilitiesCurrentAbstract" xlink:to="loc_EmployeeRelatedLiabilitiesCurrent" order="60" use="optional" preferredLabel="http://www.xbrl.org/2003/role/verboseLabel" priority="1" />
    <loc xlink:type="locator" xlink:href="http://taxonomies.xbrl.us/us-gaap/2009/elts/us-gaap-2009-01-31.xsd#us-gaap_OtherAssetsNoncurrent" xlink:label="loc_OtherAssetsNoncurrent" />
    <presentationArc xlink:type="arc" xlink:arcrole="http://www.xbrl.org/2003/arcrole/parent-child" xlink:from="loc_AssetsAbstract" xlink:to="loc_OtherAssetsNoncurrent" order="140" use="optional" preferredLabel="http://www.xbrl.org/2003/role/totalLabel" />
    <loc xlink:type="locator" xlink:href="http://taxonomies.xbrl.us/us-gaap/2009/elts/us-gaap-2009-01-31.xsd#us-gaap_PreferredStockValue" xlink:label="loc_PreferredStockValue" />
    <presentationArc xlink:type="arc" xlink:arcrole="http://www.xbrl.org/2003/arcrole/parent-child" xlink:from="loc_StockholdersEquityAbstract" xlink:to="loc_PreferredStockValue" order="20" use="optional" preferredLabel="http://www.xbrl.org/2003/role/verboseLabel" priority="1" />
    <loc xlink:type="locator" xlink:href="http://taxonomies.xbrl.us/us-gaap/2009/elts/us-gaap-2009-01-31.xsd#us-gaap_LongTermInvestments" xlink:label="loc_LongTermInvestments" />
    <presentationArc xlink:type="arc" xlink:arcrole="http://www.xbrl.org/2003/arcrole/parent-child" xlink:from="loc_AssetsAbstract" xlink:to="loc_LongTermInvestments" order="120" use="optional" preferredLabel="http://www.xbrl.org/2003/role/verboseLabel" />
  </presentationLink>
  <presentationLink xlink:type="extended" xlink:role="http://progress.com/role/StatementsOfOperations" xlink:title="0120 - Statement - Consolidated Statements of Income">
    <loc xlink:type="locator" xlink:href="http://taxonomies.xbrl.us/us-gaap/2009/elts/us-gaap-2009-01-31.xsd#us-gaap_IncomeStatementAbstract" xlink:label="loc_IncomeStatementAbstract" />
    <loc xlink:type="locator" xlink:href="http://taxonomies.xbrl.us/us-gaap/2009/elts/us-gaap-2009-01-31.xsd#us-gaap_GrossProfit" xlink:label="loc_GrossProfit" />
    <presentationArc xlink:type="arc" xlink:arcrole="http://www.xbrl.org/2003/arcrole/parent-child" xlink:from="loc_IncomeStatementAbstract" xlink:to="loc_GrossProfit" order="60" use="optional" preferredLabel="http://www.xbrl.org/2003/role/totalLabel" />
    <loc xlink:type="locator" xlink:href="http://taxonomies.xbrl.us/us-gaap/2009/elts/us-gaap-2009-01-31.xsd#us-gaap_OperatingExpensesAbstract" xlink:label="loc_OperatingExpensesAbstract" />
    <presentationArc xlink:type="arc" xlink:arcrole="http://www.xbrl.org/2003/arcrole/parent-child" xlink:from="loc_IncomeStatementAbstract" xlink:to="loc_OperatingExpensesAbstract" order="80" use="optional" preferredLabel="http://www.xbrl.org/2003/role/verboseLabel" />
    <loc xlink:type="locator" xlink:href="http://taxonomies.xbrl.us/us-gaap/2009/elts/us-gaap-2009-01-31.xsd#us-gaap_SellingAndMarketingExpense" xlink:label="loc_SellingAndMarketingExpense" />
    <presentationArc xlink:type="arc" xlink:arcrole="http://www.xbrl.org/2003/arcrole/parent-child" xlink:from="loc_OperatingExpensesAbstract" xlink:to="loc_SellingAndMarketingExpense" order="20" use="optional" preferredLabel="http://www.xbrl.org/2003/role/verboseLabel" />
    <loc xlink:type="locator" xlink:href="http://taxonomies.xbrl.us/us-gaap/2009/elts/us-gaap-2009-01-31.xsd#us-gaap_GeneralAndAdministrativeExpense" xlink:label="loc_GeneralAndAdministrativeExpense" />
    <presentationArc xlink:type="arc" xlink:arcrole="http://www.xbrl.org/2003/arcrole/parent-child" xlink:from="loc_OperatingExpensesAbstract" xlink:to="loc_GeneralAndAdministrativeExpense" order="60" use="optional" preferredLabel="http://www.xbrl.org/2003/role/verboseLabel" />
    <loc xlink:type="locator" xlink:href="http://taxonomies.xbrl.us/us-gaap/2009/elts/us-gaap-2009-01-31.xsd#us-gaap_RestructuringCharges" xlink:label="loc_RestructuringCharges" />
    <presentationArc xlink:type="arc" xlink:arcrole="http://www.xbrl.org/2003/arcrole/parent-child" xlink:from="loc_OperatingExpensesAbstract" xlink:to="loc_RestructuringCharges" order="100" use="optional" preferredLabel="http://www.xbrl.org/2003/role/verboseLabel" />
    <loc xlink:type="locator" xlink:href="http://taxonomies.xbrl.us/us-gaap/2009/elts/us-gaap-2009-01-31.xsd#us-gaap_BusinessCombinationAcquisitionRelatedCosts" xlink:label="loc_BusinessCombinationAcquisitionRelatedCosts" />
    <presentationArc xlink:type="arc" xlink:arcrole="http://www.xbrl.org/2003/arcrole/parent-child" xlink:from="loc_OperatingExpensesAbstract" xlink:to="loc_BusinessCombinationAcquisitionRelatedCosts" order="120" use="optional" preferredLabel="http://www.xbrl.org/2003/role/totalLabel" />
    <loc xlink:type="locator" xlink:href="http://taxonomies.xbrl.us/us-gaap/2009/elts/us-gaap-2009-01-31.xsd#us-gaap_OperatingExpenses" xlink:label="loc_OperatingExpenses" />
    <presentationArc xlink:type="arc" xlink:arcrole="http://www.xbrl.org/2003/arcrole/parent-child" xlink:from="loc_OperatingExpensesAbstract" xlink:to="loc_OperatingExpenses" order="140" use="optional" preferredLabel="http://www.xbrl.org/2003/role/totalLabel" />
    <loc xlink:type="locator" xlink:href="http://taxonomies.xbrl.us/us-gaap/2009/elts/us-gaap-2009-01-31.xsd#us-gaap_OperatingIncomeLoss" xlink:label="loc_OperatingIncomeLoss" />
    <presentationArc xlink:type="arc" xlink:arcrole="http://www.xbrl.org/2003/arcrole/parent-child" xlink:from="loc_IncomeStatementAbstract" xlink:to="loc_OperatingIncomeLoss" order="100" use="optional" preferredLabel="http://www.xbrl.org/2003/role/totalLabel" />
    <loc xlink:type="locator" xlink:href="http://taxonomies.xbrl.us/us-gaap/2009/elts/us-gaap-2009-01-31.xsd#us-gaap_NonoperatingIncomeExpenseAbstract" xlink:label="loc_NonoperatingIncomeExpenseAbstract" />
    <presentationArc xlink:type="arc" xlink:arcrole="http://www.xbrl.org/2003/arcrole/parent-child" xlink:from="loc_IncomeStatementAbstract" xlink:to="loc_NonoperatingIncomeExpenseAbstract" order="120" use="optional" preferredLabel="http://www.xbrl.org/2003/role/verboseLabel" />
    <loc xlink:type="locator" xlink:href="http://taxonomies.xbrl.us/us-gaap/2009/elts/us-gaap-2009-01-31.xsd#us-gaap_ForeignCurrencyTransactionGainLossBeforeTax" xlink:label="loc_ForeignCurrencyTransactionGainLossBeforeTax" />
    <presentationArc xlink:type="arc" xlink:arcrole="http://www.xbrl.org/2003/arcrole/parent-child" xlink:from="loc_NonoperatingIncomeExpenseAbstract" xlink:to="loc_ForeignCurrencyTransactionGainLossBeforeTax" order="40" use="optional" preferredLabel="http://www.xbrl.org/2003/role/totalLabel" />
    <loc xlink:type="locator" xlink:href="http://taxonomies.xbrl.us/us-gaap/2009/elts/us-gaap-2009-01-31.xsd#us-gaap_NonoperatingIncomeExpense" xlink:label="loc_NonoperatingIncomeExpense" />
    <presentationArc xlink:type="arc" xlink:arcrole="http://www.xbrl.org/2003/arcrole/parent-child" xlink:from="loc_NonoperatingIncomeExpenseAbstract" xlink:to="loc_NonoperatingIncomeExpense" order="60" use="optional" preferredLabel="http://www.xbrl.org/2003/role/totalLabel" />
    <loc xlink:type="locator" xlink:href="http://taxonomies.xbrl.us/us-gaap/2009/elts/us-gaap-2009-01-31.xsd#us-gaap_IncomeLossFromContinuingOperationsBeforeIncomeTaxesMinorityInterestAndIncomeLossFromEquityMethodInvestments" xlink:label="loc_IncomeLossFromContinuingOperationsBeforeIncomeTaxesMinorityInterestAndIncomeLossFromEquityMethodInvestments" />
    <presentationArc xlink:type="arc" xlink:arcrole="http://www.xbrl.org/2003/arcrole/parent-child" xlink:from="loc_IncomeStatementAbstract" xlink:to="loc_IncomeLossFromContinuingOperationsBeforeIncomeTaxesMinorityInterestAndIncomeLossFromEquityMethodInvestments" order="140" use="optional" preferredLabel="http://www.xbrl.org/2003/role/verboseLabel" />
    <loc xlink:type="locator" xlink:href="http://taxonomies.xbrl.us/us-gaap/2009/elts/us-gaap-2009-01-31.xsd#us-gaap_IncomeTaxExpenseBenefit" xlink:label="loc_IncomeTaxExpenseBenefit" />
    <presentationArc xlink:type="arc" xlink:arcrole="http://www.xbrl.org/2003/arcrole/parent-child" xlink:from="loc_IncomeStatementAbstract" xlink:to="loc_IncomeTaxExpenseBenefit" order="160" use="optional" preferredLabel="http://www.xbrl.org/2003/role/totalLabel" />
    <loc xlink:type="locator" xlink:href="http://taxonomies.xbrl.us/us-gaap/2009/elts/us-gaap-2009-01-31.xsd#us-gaap_NetIncomeLoss" xlink:label="loc_NetIncomeLoss" />
    <presentationArc xlink:type="arc" xlink:arcrole="http://www.xbrl.org/2003/arcrole/parent-child" xlink:from="loc_IncomeStatementAbstract" xlink:to="loc_NetIncomeLoss" order="180" use="optional" preferredLabel="http://www.xbrl.org/2003/role/totalLabel" />
    <loc xlink:type="locator" xlink:href="http://taxonomies.xbrl.us/us-gaap/2009/elts/us-gaap-2009-01-31.xsd#us-gaap_EarningsPerShareAbstract" xlink:label="loc_EarningsPerShareAbstract" />
    <presentationArc xlink:type="arc" xlink:arcrole="http://www.xbrl.org/2003/arcrole/parent-child" xlink:from="loc_IncomeStatementAbstract" xlink:to="loc_EarningsPerShareAbstract" order="200" use="optional" preferredLabel="http://www.xbrl.org/2003/role/verboseLabel" />
    <loc xlink:type="locator" xlink:href="http://taxonomies.xbrl.us/us-gaap/2009/elts/us-gaap-2009-01-31.xsd#us-gaap_EarningsPerShareBasic" xlink:label="loc_EarningsPerShareBasic" />
    <presentationArc xlink:type="arc" xlink:arcrole="http://www.xbrl.org/2003/arcrole/parent-child" xlink:from="loc_EarningsPerShareAbstract" xlink:to="loc_EarningsPerShareBasic" order="20" use="optional" preferredLabel="http://www.xbrl.org/2003/role/verboseLabel" />
    <loc xlink:type="locator" xlink:href="http://taxonomies.xbrl.us/us-gaap/2009/elts/us-gaap-2009-01-31.xsd#us-gaap_EarningsPerShareDiluted" xlink:label="loc_EarningsPerShareDiluted" />
    <presentationArc xlink:type="arc" xlink:arcrole="http://www.xbrl.org/2003/arcrole/parent-child" xlink:from="loc_EarningsPerShareAbstract" xlink:to="loc_EarningsPerShareDiluted" order="40" use="optional" preferredLabel="http://www.xbrl.org/2003/role/totalLabel" />
    <loc xlink:type="locator" xlink:href="http://taxonomies.xbrl.us/us-gaap/2009/elts/us-gaap-2009-01-31.xsd#us-gaap_WeightedAverageNumberOfSharesOutstandingAbstract" xlink:label="loc_WeightedAverageNumberOfSharesOutstandingAbstract" />
    <presentationArc xlink:type="arc" xlink:arcrole="http://www.xbrl.org/2003/arcrole/parent-child" xlink:from="loc_IncomeStatementAbstract" xlink:to="loc_WeightedAverageNumberOfSharesOutstandingAbstract" order="220" use="optional" preferredLabel="http://www.xbrl.org/2003/role/verboseLabel" />
    <loc xlink:type="locator" xlink:href="http://taxonomies.xbrl.us/us-gaap/2009/elts/us-gaap-2009-01-31.xsd#us-gaap_WeightedAverageNumberOfSharesOutstandingBasic" xlink:label="loc_WeightedAverageNumberOfSharesOutstandingBasic" />
    <presentationArc xlink:type="arc" xlink:arcrole="http://www.xbrl.org/2003/arcrole/parent-child" xlink:from="loc_WeightedAverageNumberOfSharesOutstandingAbstract" xlink:to="loc_WeightedAverageNumberOfSharesOutstandingBasic" order="20" use="optional" preferredLabel="http://www.xbrl.org/2003/role/verboseLabel" priority="1" />
    <loc xlink:type="locator" xlink:href="http://taxonomies.xbrl.us/us-gaap/2009/elts/us-gaap-2009-01-31.xsd#us-gaap_WeightedAverageNumberOfDilutedSharesOutstanding" xlink:label="loc_WeightedAverageNumberOfDilutedSharesOutstanding" />
    <presentationArc xlink:type="arc" xlink:arcrole="http://www.xbrl.org/2003/arcrole/parent-child" xlink:from="loc_WeightedAverageNumberOfSharesOutstandingAbstract" xlink:to="loc_WeightedAverageNumberOfDilutedSharesOutstanding" order="40" use="optional" preferredLabel="http://www.xbrl.org/2003/role/totalLabel" priority="1" />
    <loc xlink:type="locator" xlink:href="http://taxonomies.xbrl.us/us-gaap/2009/elts/us-gaap-2009-01-31.xsd#us-gaap_OtherNonoperatingIncomeExpense" xlink:label="loc_OtherNonoperatingIncomeExpense" />
    <presentationArc xlink:type="arc" xlink:arcrole="http://www.xbrl.org/2003/arcrole/parent-child" xlink:from="loc_NonoperatingIncomeExpenseAbstract" xlink:to="loc_OtherNonoperatingIncomeExpense" order="20" use="optional" preferredLabel="http://www.xbrl.org/2003/role/verboseLabel" />
    <loc xlink:type="locator" xlink:href="http://taxonomies.xbrl.us/us-gaap/2009/elts/us-gaap-2009-01-31.xsd#us-gaap_ResearchAndDevelopmentExpenseSoftwareExcludingAcquiredInProcessCost" xlink:label="loc_ResearchAndDevelopmentExpenseSoftwareExcludingAcquiredInProcessCost" />
    <presentationArc xlink:type="arc" xlink:arcrole="http://www.xbrl.org/2003/arcrole/parent-child" xlink:from="loc_OperatingExpensesAbstract" xlink:to="loc_ResearchAndDevelopmentExpenseSoftwareExcludingAcquiredInProcessCost" order="40" use="optional" preferredLabel="http://www.xbrl.org/2003/role/verboseLabel" />
    <loc xlink:type="locator" xlink:href="prgs-20101130.xsd#prgs_AmortizationOfOtherAcquiredIntangibles" xlink:label="prgs_AmortizationOfOtherAcquiredIntangibles" />
    <presentationArc xlink:type="arc" xlink:arcrole="http://www.xbrl.org/2003/arcrole/parent-child" xlink:from="loc_OperatingExpensesAbstract" xlink:to="prgs_AmortizationOfOtherAcquiredIntangibles" order="80" use="optional" preferredLabel="http://www.xbrl.org/2003/role/verboseLabel" />
    <loc xlink:type="locator" xlink:href="http://taxonomies.xbrl.us/us-gaap/2009/elts/us-gaap-2009-01-31.xsd#us-gaap_SalesRevenueNetAbstract" xlink:label="loc_SalesRevenueNetAbstract" />
    <presentationArc xlink:type="arc" xlink:arcrole="http://www.xbrl.org/2003/arcrole/parent-child" xlink:from="loc_IncomeStatementAbstract" xlink:to="loc_SalesRevenueNetAbstract" order="20" use="optional" preferredLabel="http://www.xbrl.org/2003/role/verboseLabel" priority="1" />
    <loc xlink:type="locator" xlink:href="http://taxonomies.xbrl.us/us-gaap/2009/elts/us-gaap-2009-01-31.xsd#us-gaap_LicensesRevenue" xlink:label="loc_LicensesRevenue" />
    <presentationArc xlink:type="arc" xlink:arcrole="http://www.xbrl.org/2003/arcrole/parent-child" xlink:from="loc_SalesRevenueNetAbstract" xlink:to="loc_LicensesRevenue" order="20" use="optional" preferredLabel="http://www.xbrl.org/2003/role/verboseLabel" priority="1" />
    <loc xlink:type="locator" xlink:href="http://taxonomies.xbrl.us/us-gaap/2009/elts/us-gaap-2009-01-31.xsd#us-gaap_SalesRevenueServicesNet" xlink:label="loc_SalesRevenueServicesNet" />
    <presentationArc xlink:type="arc" xlink:arcrole="http://www.xbrl.org/2003/arcrole/parent-child" xlink:from="loc_SalesRevenueNetAbstract" xlink:to="loc_SalesRevenueServicesNet" order="40" use="optional" preferredLabel="http://www.xbrl.org/2003/role/totalLabel" priority="1" />
    <loc xlink:type="locator" xlink:href="http://taxonomies.xbrl.us/us-gaap/2009/elts/us-gaap-2009-01-31.xsd#us-gaap_CostOfGoodsAndServicesSoldAbstract" xlink:label="loc_CostOfGoodsAndServicesSoldAbstract" />
    <presentationArc xlink:type="arc" xlink:arcrole="http://www.xbrl.org/2003/arcrole/parent-child" xlink:from="loc_IncomeStatementAbstract" xlink:to="loc_CostOfGoodsAndServicesSoldAbstract" order="40" use="optional" preferredLabel="http://www.xbrl.org/2003/role/verboseLabel" priority="1" />
    <loc xlink:type="locator" xlink:href="http://taxonomies.xbrl.us/us-gaap/2009/elts/us-gaap-2009-01-31.xsd#us-gaap_LicenseCosts" xlink:label="loc_LicenseCosts" />
    <presentationArc xlink:type="arc" xlink:arcrole="http://www.xbrl.org/2003/arcrole/parent-child" xlink:from="loc_CostOfGoodsAndServicesSoldAbstract" xlink:to="loc_LicenseCosts" order="20" use="optional" preferredLabel="http://www.xbrl.org/2003/role/verboseLabel" priority="1" />
    <loc xlink:type="locator" xlink:href="http://taxonomies.xbrl.us/us-gaap/2009/elts/us-gaap-2009-01-31.xsd#us-gaap_CostOfServices" xlink:label="loc_CostOfServices" />
    <presentationArc xlink:type="arc" xlink:arcrole="http://www.xbrl.org/2003/arcrole/parent-child" xlink:from="loc_CostOfGoodsAndServicesSoldAbstract" xlink:to="loc_CostOfServices" order="40" use="optional" preferredLabel="http://www.xbrl.org/2003/role/verboseLabel" priority="1" />
    <loc xlink:type="locator" xlink:href="prgs-20101130.xsd#prgs_AmortizationOfAcquiredIntangiblesForPurchasedTechnology" xlink:label="prgs_AmortizationOfAcquiredIntangiblesForPurchasedTechnology" />
    <presentationArc xlink:type="arc" xlink:arcrole="http://www.xbrl.org/2003/arcrole/parent-child" xlink:from="loc_CostOfGoodsAndServicesSoldAbstract" xlink:to="prgs_AmortizationOfAcquiredIntangiblesForPurchasedTechnology" order="60" use="optional" preferredLabel="http://www.xbrl.org/2003/role/totalLabel" priority="1" />
    <loc xlink:type="locator" xlink:href="http://taxonomies.xbrl.us/us-gaap/2009/elts/us-gaap-2009-01-31.xsd#us-gaap_CostOfGoodsAndServicesSold" xlink:label="loc_CostOfGoodsAndServicesSold" />
    <presentationArc xlink:type="arc" xlink:arcrole="http://www.xbrl.org/2003/arcrole/parent-child" xlink:from="loc_CostOfGoodsAndServicesSoldAbstract" xlink:to="loc_CostOfGoodsAndServicesSold" order="80" use="optional" preferredLabel="http://www.xbrl.org/2003/role/totalLabel" priority="1" />
    <loc xlink:type="locator" xlink:href="http://taxonomies.xbrl.us/us-gaap/2009/elts/us-gaap-2009-01-31.xsd#us-gaap_SalesRevenueNet" xlink:label="loc_SalesRevenueNet" />
    <presentationArc xlink:type="arc" xlink:arcrole="http://www.xbrl.org/2003/arcrole/parent-child" xlink:from="loc_SalesRevenueNetAbstract" xlink:to="loc_SalesRevenueNet" order="60" use="optional" preferredLabel="http://www.xbrl.org/2003/role/totalLabel" priority="1" />
  </presentationLink>
  <presentationLink xlink:type="extended" xlink:role="http://progress.com/role/StatementsOfCashFlows" xlink:title="0140 - Statement - Consolidated Statements of Cash Flows">
    <loc xlink:type="locator" xlink:href="http://taxonomies.xbrl.us/us-gaap/2009/elts/us-gaap-2009-01-31.xsd#us-gaap_StatementOfCashFlowsAbstract" xlink:label="loc_StatementOfCashFlowsAbstract" />
    <loc xlink:type="locator" xlink:href="http://taxonomies.xbrl.us/us-gaap/2009/elts/us-gaap-2009-01-31.xsd#us-gaap_NetCashProvidedByUsedInOperatingActivitiesAbstract" xlink:label="loc_NetCashProvidedByUsedInOperatingActivitiesAbstract" />
    <presentationArc xlink:type="arc" xlink:arcrole="http://www.xbrl.org/2003/arcrole/parent-child" xlink:from="loc_StatementOfCashFlowsAbstract" xlink:to="loc_NetCashProvidedByUsedInOperatingActivitiesAbstract" order="20" use="optional" preferredLabel="http://www.xbrl.org/2003/role/verboseLabel" />
    <loc xlink:type="locator" xlink:href="http://taxonomies.xbrl.us/us-gaap/2009/elts/us-gaap-2009-01-31.xsd#us-gaap_AdjustmentsToReconcileNetIncomeLossToCashProvidedByUsedInOperatingActivitiesAbstract" xlink:label="loc_AdjustmentsToReconcileNetIncomeLossToCashProvidedByUsedInOperatingActivitiesAbstract" />
    <presentationArc xlink:type="arc" xlink:arcrole="http://www.xbrl.org/2003/arcrole/parent-child" xlink:from="loc_NetCashProvidedByUsedInOperatingActivitiesAbstract" xlink:to="loc_AdjustmentsToReconcileNetIncomeLossToCashProvidedByUsedInOperatingActivitiesAbstract" order="40" use="optional" preferredLabel="http://www.xbrl.org/2003/role/verboseLabel" />
    <loc xlink:type="locator" xlink:href="http://taxonomies.xbrl.us/us-gaap/2009/elts/us-gaap-2009-01-31.xsd#us-gaap_IncreaseDecreaseInOperatingCapitalAbstract" xlink:label="loc_IncreaseDecreaseInOperatingCapitalAbstract" />
    <presentationArc xlink:type="arc" xlink:arcrole="http://www.xbrl.org/2003/arcrole/parent-child" xlink:from="loc_NetCashProvidedByUsedInOperatingActivitiesAbstract" xlink:to="loc_IncreaseDecreaseInOperatingCapitalAbstract" order="60" use="optional" preferredLabel="http://www.xbrl.org/2003/role/verboseLabel" />
    <loc xlink:type="locator" xlink:href="http://taxonomies.xbrl.us/us-gaap/2009/elts/us-gaap-2009-01-31.xsd#us-gaap_NetCashProvidedByUsedInInvestingActivitiesAbstract" xlink:label="loc_NetCashProvidedByUsedInInvestingActivitiesAbstract" />
    <presentationArc xlink:type="arc" xlink:arcrole="http://www.xbrl.org/2003/arcrole/parent-child" xlink:from="loc_StatementOfCashFlowsAbstract" xlink:to="loc_NetCashProvidedByUsedInInvestingActivitiesAbstract" order="40" use="optional" preferredLabel="http://www.xbrl.org/2003/role/verboseLabel" priority="1" />
    <loc xlink:type="locator" xlink:href="http://taxonomies.xbrl.us/us-gaap/2009/elts/us-gaap-2009-01-31.xsd#us-gaap_NetCashProvidedByUsedInFinancingActivitiesAbstract" xlink:label="loc_NetCashProvidedByUsedInFinancingActivitiesAbstract" />
    <presentationArc xlink:type="arc" xlink:arcrole="http://www.xbrl.org/2003/arcrole/parent-child" xlink:from="loc_StatementOfCashFlowsAbstract" xlink:to="loc_NetCashProvidedByUsedInFinancingActivitiesAbstract" order="60" use="optional" preferredLabel="http://www.xbrl.org/2003/role/verboseLabel" priority="1" />
    <loc xlink:type="locator" xlink:href="http://taxonomies.xbrl.us/us-gaap/2009/elts/us-gaap-2009-01-31.xsd#us-gaap_CashAndCashEquivalentsAtCarryingValue" xlink:label="loc_CashAndCashEquivalentsAtCarryingValue_1" />
    <presentationArc xlink:type="arc" xlink:arcrole="http://www.xbrl.org/2003/arcrole/parent-child" xlink:from="loc_StatementOfCashFlowsAbstract" xlink:to="loc_CashAndCashEquivalentsAtCarryingValue_1" order="140" use="optional" preferredLabel="http://www.xbrl.org/2003/role/periodEndLabel" />
    <loc xlink:type="locator" xlink:href="http://taxonomies.xbrl.us/us-gaap/2009/elts/us-gaap-2009-01-31.xsd#us-gaap_CashAndCashEquivalentsAtCarryingValue" xlink:label="loc_CashAndCashEquivalentsAtCarryingValue" />
    <presentationArc xlink:type="arc" xlink:arcrole="http://www.xbrl.org/2003/arcrole/parent-child" xlink:from="loc_StatementOfCashFlowsAbstract" xlink:to="loc_CashAndCashEquivalentsAtCarryingValue" order="120" use="optional" preferredLabel="http://www.xbrl.org/2003/role/periodStartLabel" />
    <loc xlink:type="locator" xlink:href="http://taxonomies.xbrl.us/us-gaap/2009/elts/us-gaap-2009-01-31.xsd#us-gaap_CashAndCashEquivalentsPeriodIncreaseDecrease" xlink:label="loc_CashAndCashEquivalentsPeriodIncreaseDecrease" />
    <presentationArc xlink:type="arc" xlink:arcrole="http://www.xbrl.org/2003/arcrole/parent-child" xlink:from="loc_StatementOfCashFlowsAbstract" xlink:to="loc_CashAndCashEquivalentsPeriodIncreaseDecrease" order="100" use="optional" preferredLabel="http://www.xbrl.org/2003/role/verboseLabel" priority="1" />
    <loc xlink:type="locator" xlink:href="http://taxonomies.xbrl.us/us-gaap/2009/elts/us-gaap-2009-01-31.xsd#us-gaap_EffectOfExchangeRateOnCashAndCashEquivalents" xlink:label="loc_EffectOfExchangeRateOnCashAndCashEquivalents" />
    <presentationArc xlink:type="arc" xlink:arcrole="http://www.xbrl.org/2003/arcrole/parent-child" xlink:from="loc_StatementOfCashFlowsAbstract" xlink:to="loc_EffectOfExchangeRateOnCashAndCashEquivalents" order="80" use="optional" preferredLabel="http://www.xbrl.org/2003/role/totalLabel" priority="1" />
    <loc xlink:type="locator" xlink:href="http://taxonomies.xbrl.us/us-gaap/2009/elts/us-gaap-2009-01-31.xsd#us-gaap_NetCashProvidedByUsedInFinancingActivities" xlink:label="loc_NetCashProvidedByUsedInFinancingActivities" />
    <presentationArc xlink:type="arc" xlink:arcrole="http://www.xbrl.org/2003/arcrole/parent-child" xlink:from="loc_NetCashProvidedByUsedInFinancingActivitiesAbstract" xlink:to="loc_NetCashProvidedByUsedInFinancingActivities" order="120" use="optional" preferredLabel="http://www.xbrl.org/2003/role/totalLabel" priority="1" />
    <loc xlink:type="locator" xlink:href="http://taxonomies.xbrl.us/us-gaap/2009/elts/us-gaap-2009-01-31.xsd#us-gaap_ExcessTaxBenefitFromShareBasedCompensationFinancingActivities" xlink:label="loc_ExcessTaxBenefitFromShareBasedCompensationFinancingActivities" />
    <presentationArc xlink:type="arc" xlink:arcrole="http://www.xbrl.org/2003/arcrole/parent-child" xlink:from="loc_NetCashProvidedByUsedInFinancingActivitiesAbstract" xlink:to="loc_ExcessTaxBenefitFromShareBasedCompensationFinancingActivities" order="80" use="optional" preferredLabel="http://www.xbrl.org/2003/role/verboseLabel" priority="1" />
    <loc xlink:type="locator" xlink:href="http://taxonomies.xbrl.us/us-gaap/2009/elts/us-gaap-2009-01-31.xsd#us-gaap_NetCashProvidedByUsedInInvestingActivities" xlink:label="loc_NetCashProvidedByUsedInInvestingActivities" />
    <presentationArc xlink:type="arc" xlink:arcrole="http://www.xbrl.org/2003/arcrole/parent-child" xlink:from="loc_NetCashProvidedByUsedInInvestingActivitiesAbstract" xlink:to="loc_NetCashProvidedByUsedInInvestingActivities" order="140" use="optional" preferredLabel="http://www.xbrl.org/2003/role/totalLabel" priority="1" />
    <loc xlink:type="locator" xlink:href="http://taxonomies.xbrl.us/us-gaap/2009/elts/us-gaap-2009-01-31.xsd#us-gaap_PaymentsToAcquireBusinessesNetOfCashAcquired" xlink:label="loc_PaymentsToAcquireBusinessesNetOfCashAcquired" />
    <presentationArc xlink:type="arc" xlink:arcrole="http://www.xbrl.org/2003/arcrole/parent-child" xlink:from="loc_NetCashProvidedByUsedInInvestingActivitiesAbstract" xlink:to="loc_PaymentsToAcquireBusinessesNetOfCashAcquired" order="100" use="optional" preferredLabel="http://xbrl.us/us-gaap/role/label/negated" priority="1" />
    <loc xlink:type="locator" xlink:href="http://taxonomies.xbrl.us/us-gaap/2009/elts/us-gaap-2009-01-31.xsd#us-gaap_PaymentsToAcquirePropertyPlantAndEquipment" xlink:label="loc_PaymentsToAcquirePropertyPlantAndEquipment" />
    <presentationArc xlink:type="arc" xlink:arcrole="http://www.xbrl.org/2003/arcrole/parent-child" xlink:from="loc_NetCashProvidedByUsedInInvestingActivitiesAbstract" xlink:to="loc_PaymentsToAcquirePropertyPlantAndEquipment" order="80" use="optional" preferredLabel="http://xbrl.us/us-gaap/role/label/negated" priority="1" />
    <loc xlink:type="locator" xlink:href="http://taxonomies.xbrl.us/us-gaap/2009/elts/us-gaap-2009-01-31.xsd#us-gaap_ProceedsFromSaleAndMaturityOfAvailableForSaleSecurities" xlink:label="loc_ProceedsFromSaleAndMaturityOfAvailableForSaleSecurities" />
    <presentationArc xlink:type="arc" xlink:arcrole="http://www.xbrl.org/2003/arcrole/parent-child" xlink:from="loc_NetCashProvidedByUsedInInvestingActivitiesAbstract" xlink:to="loc_ProceedsFromSaleAndMaturityOfAvailableForSaleSecurities" order="40" use="optional" preferredLabel="http://www.xbrl.org/2003/role/verboseLabel" priority="1" />
    <loc xlink:type="locator" xlink:href="http://taxonomies.xbrl.us/us-gaap/2009/elts/us-gaap-2009-01-31.xsd#us-gaap_PaymentsToAcquireAvailableForSaleSecurities" xlink:label="loc_PaymentsToAcquireAvailableForSaleSecurities" />
    <presentationArc xlink:type="arc" xlink:arcrole="http://www.xbrl.org/2003/arcrole/parent-child" xlink:from="loc_NetCashProvidedByUsedInInvestingActivitiesAbstract" xlink:to="loc_PaymentsToAcquireAvailableForSaleSecurities" order="20" use="optional" preferredLabel="http://xbrl.us/us-gaap/role/label/negated" priority="1" />
    <loc xlink:type="locator" xlink:href="http://taxonomies.xbrl.us/us-gaap/2009/elts/us-gaap-2009-01-31.xsd#us-gaap_NetCashProvidedByUsedInOperatingActivities" xlink:label="loc_NetCashProvidedByUsedInOperatingActivities" />
    <presentationArc xlink:type="arc" xlink:arcrole="http://www.xbrl.org/2003/arcrole/parent-child" xlink:from="loc_NetCashProvidedByUsedInOperatingActivitiesAbstract" xlink:to="loc_NetCashProvidedByUsedInOperatingActivities" order="80" use="optional" preferredLabel="http://www.xbrl.org/2003/role/totalLabel" />
    <loc xlink:type="locator" xlink:href="http://taxonomies.xbrl.us/us-gaap/2009/elts/us-gaap-2009-01-31.xsd#us-gaap_IncreaseDecreaseInDeferredRevenue" xlink:label="loc_IncreaseDecreaseInDeferredRevenue" />
    <presentationArc xlink:type="arc" xlink:arcrole="http://www.xbrl.org/2003/arcrole/parent-child" xlink:from="loc_IncreaseDecreaseInOperatingCapitalAbstract" xlink:to="loc_IncreaseDecreaseInDeferredRevenue" order="100" use="optional" preferredLabel="http://www.xbrl.org/2003/role/totalLabel" />
    <loc xlink:type="locator" xlink:href="http://taxonomies.xbrl.us/us-gaap/2009/elts/us-gaap-2009-01-31.xsd#us-gaap_IncreaseDecreaseInAccruedIncomeTaxesPayable" xlink:label="loc_IncreaseDecreaseInAccruedIncomeTaxesPayable" />
    <presentationArc xlink:type="arc" xlink:arcrole="http://www.xbrl.org/2003/arcrole/parent-child" xlink:from="loc_IncreaseDecreaseInOperatingCapitalAbstract" xlink:to="loc_IncreaseDecreaseInAccruedIncomeTaxesPayable" order="80" use="optional" preferredLabel="http://www.xbrl.org/2003/role/verboseLabel" />
    <loc xlink:type="locator" xlink:href="http://taxonomies.xbrl.us/us-gaap/2009/elts/us-gaap-2009-01-31.xsd#us-gaap_IncreaseDecreaseInAccountsPayableAndAccruedLiabilities" xlink:label="loc_IncreaseDecreaseInAccountsPayableAndAccruedLiabilities" />
    <presentationArc xlink:type="arc" xlink:arcrole="http://www.xbrl.org/2003/arcrole/parent-child" xlink:from="loc_IncreaseDecreaseInOperatingCapitalAbstract" xlink:to="loc_IncreaseDecreaseInAccountsPayableAndAccruedLiabilities" order="60" use="optional" preferredLabel="http://www.xbrl.org/2003/role/verboseLabel" />
    <loc xlink:type="locator" xlink:href="http://taxonomies.xbrl.us/us-gaap/2009/elts/us-gaap-2009-01-31.xsd#us-gaap_IncreaseDecreaseInOtherOperatingAssets" xlink:label="loc_IncreaseDecreaseInOtherOperatingAssets" />
    <presentationArc xlink:type="arc" xlink:arcrole="http://www.xbrl.org/2003/arcrole/parent-child" xlink:from="loc_IncreaseDecreaseInOperatingCapitalAbstract" xlink:to="loc_IncreaseDecreaseInOtherOperatingAssets" order="40" use="optional" preferredLabel="http://xbrl.us/us-gaap/role/label/negated" />
    <loc xlink:type="locator" xlink:href="http://taxonomies.xbrl.us/us-gaap/2009/elts/us-gaap-2009-01-31.xsd#us-gaap_IncreaseDecreaseInAccountsReceivable" xlink:label="loc_IncreaseDecreaseInAccountsReceivable" />
    <presentationArc xlink:type="arc" xlink:arcrole="http://www.xbrl.org/2003/arcrole/parent-child" xlink:from="loc_IncreaseDecreaseInOperatingCapitalAbstract" xlink:to="loc_IncreaseDecreaseInAccountsReceivable" order="20" use="optional" preferredLabel="http://xbrl.us/us-gaap/role/label/negated" />
    <loc xlink:type="locator" xlink:href="http://taxonomies.xbrl.us/us-gaap/2009/elts/us-gaap-2009-01-31.xsd#us-gaap_ExcessTaxBenefitFromShareBasedCompensationOperatingActivities" xlink:label="loc_ExcessTaxBenefitFromShareBasedCompensationOperatingActivities" />
    <presentationArc xlink:type="arc" xlink:arcrole="http://www.xbrl.org/2003/arcrole/parent-child" xlink:from="loc_AdjustmentsToReconcileNetIncomeLossToCashProvidedByUsedInOperatingActivitiesAbstract" xlink:to="loc_ExcessTaxBenefitFromShareBasedCompensationOperatingActivities" order="100" use="optional" preferredLabel="http://xbrl.us/us-gaap/role/label/negated" />
    <loc xlink:type="locator" xlink:href="http://taxonomies.xbrl.us/us-gaap/2009/elts/us-gaap-2009-01-31.xsd#us-gaap_ShareBasedCompensation" xlink:label="loc_ShareBasedCompensation" />
    <presentationArc xlink:type="arc" xlink:arcrole="http://www.xbrl.org/2003/arcrole/parent-child" xlink:from="loc_AdjustmentsToReconcileNetIncomeLossToCashProvidedByUsedInOperatingActivitiesAbstract" xlink:to="loc_ShareBasedCompensation" order="60" use="optional" preferredLabel="http://www.xbrl.org/2003/role/verboseLabel" />
    <loc xlink:type="locator" xlink:href="http://taxonomies.xbrl.us/us-gaap/2009/elts/us-gaap-2009-01-31.xsd#us-gaap_NetIncomeLoss" xlink:label="loc_NetIncomeLoss" />
    <presentationArc xlink:type="arc" xlink:arcrole="http://www.xbrl.org/2003/arcrole/parent-child" xlink:from="loc_NetCashProvidedByUsedInOperatingActivitiesAbstract" xlink:to="loc_NetIncomeLoss" order="20" use="optional" preferredLabel="http://www.xbrl.org/2003/role/verboseLabel" />
    <loc xlink:type="locator" xlink:href="http://taxonomies.xbrl.us/us-gaap/2009/elts/us-gaap-2009-01-31.xsd#us-gaap_PaymentsForProceedsFromOtherInvestingActivities" xlink:label="loc_PaymentsForProceedsFromOtherInvestingActivities" />
    <presentationArc xlink:type="arc" xlink:arcrole="http://www.xbrl.org/2003/arcrole/parent-child" xlink:from="loc_NetCashProvidedByUsedInInvestingActivitiesAbstract" xlink:to="loc_PaymentsForProceedsFromOtherInvestingActivities" order="120" use="optional" priority="1" preferredLabel="http://xbrl.us/us-gaap/role/label/negatedTotal" />
    <loc xlink:type="locator" xlink:href="http://taxonomies.xbrl.us/us-gaap/2009/elts/us-gaap-2009-01-31.xsd#us-gaap_AmortizationOfIntangibleAssets" xlink:label="loc_AmortizationOfIntangibleAssets" />
    <presentationArc xlink:type="arc" xlink:arcrole="http://www.xbrl.org/2003/arcrole/parent-child" xlink:from="loc_AdjustmentsToReconcileNetIncomeLossToCashProvidedByUsedInOperatingActivitiesAbstract" xlink:to="loc_AmortizationOfIntangibleAssets" order="40" use="optional" preferredLabel="http://www.xbrl.org/2003/role/verboseLabel" />
    <loc xlink:type="locator" xlink:href="http://taxonomies.xbrl.us/us-gaap/2009/elts/us-gaap-2009-01-31.xsd#us-gaap_ProceedsFromIssuanceOfSharesUnderIncentiveAndShareBasedCompensationPlansIncludingStockOptions" xlink:label="loc_ProceedsFromIssuanceOfSharesUnderIncentiveAndShareBasedCompensationPlansIncludingStockOptions" />
    <presentationArc xlink:type="arc" xlink:arcrole="http://www.xbrl.org/2003/arcrole/parent-child" xlink:from="loc_NetCashProvidedByUsedInFinancingActivitiesAbstract" xlink:to="loc_ProceedsFromIssuanceOfSharesUnderIncentiveAndShareBasedCompensationPlansIncludingStockOptions" order="20" use="optional" preferredLabel="http://www.xbrl.org/2003/role/verboseLabel" priority="1" />
    <loc xlink:type="locator" xlink:href="http://taxonomies.xbrl.us/us-gaap/2009/elts/us-gaap-2009-01-31.xsd#us-gaap_Depreciation" xlink:label="loc_Depreciation" />
    <presentationArc xlink:type="arc" xlink:arcrole="http://www.xbrl.org/2003/arcrole/parent-child" xlink:from="loc_AdjustmentsToReconcileNetIncomeLossToCashProvidedByUsedInOperatingActivitiesAbstract" xlink:to="loc_Depreciation" order="20" use="optional" preferredLabel="http://www.xbrl.org/2003/role/verboseLabel" />
    <loc xlink:type="locator" xlink:href="http://taxonomies.xbrl.us/us-gaap/2009/elts/us-gaap-2009-01-31.xsd#us-gaap_PaymentsForRepurchaseOfCommonStock" xlink:label="loc_PaymentsForRepurchaseOfCommonStock" />
    <presentationArc xlink:type="arc" xlink:arcrole="http://www.xbrl.org/2003/arcrole/parent-child" xlink:from="loc_NetCashProvidedByUsedInFinancingActivitiesAbstract" xlink:to="loc_PaymentsForRepurchaseOfCommonStock" order="60" use="optional" preferredLabel="http://xbrl.us/us-gaap/role/label/negated" priority="1" />
    <loc xlink:type="locator" xlink:href="http://taxonomies.xbrl.us/us-gaap/2009/elts/us-gaap-2009-01-31.xsd#us-gaap_RepaymentsOfLongTermDebt" xlink:label="loc_RepaymentsOfLongTermDebt" />
    <presentationArc xlink:type="arc" xlink:arcrole="http://www.xbrl.org/2003/arcrole/parent-child" xlink:from="loc_NetCashProvidedByUsedInFinancingActivitiesAbstract" xlink:to="loc_RepaymentsOfLongTermDebt" order="100" use="optional" preferredLabel="http://xbrl.us/us-gaap/role/label/negatedTotal" priority="1" />
    <loc xlink:type="locator" xlink:href="http://taxonomies.xbrl.us/us-gaap/2009/elts/us-gaap-2009-01-31.xsd#us-gaap_ProvisionForDoubtfulAccounts" xlink:label="loc_ProvisionForDoubtfulAccounts" />
    <presentationArc xlink:type="arc" xlink:arcrole="http://www.xbrl.org/2003/arcrole/parent-child" xlink:from="loc_AdjustmentsToReconcileNetIncomeLossToCashProvidedByUsedInOperatingActivitiesAbstract" xlink:to="loc_ProvisionForDoubtfulAccounts" order="120" use="optional" preferredLabel="http://www.xbrl.org/2003/role/verboseLabel" />
    <loc xlink:type="locator" xlink:href="prgs-20101130.xsd#prgs_WithholdingTaxPaymentRelatingToNetIssuanceOfRestrictedStockUnits" xlink:label="prgs_WithholdingTaxPaymentRelatingToNetIssuanceOfRestrictedStockUnits" />
    <presentationArc xlink:type="arc" xlink:arcrole="http://www.xbrl.org/2003/arcrole/parent-child" xlink:from="loc_NetCashProvidedByUsedInFinancingActivitiesAbstract" xlink:to="prgs_WithholdingTaxPaymentRelatingToNetIssuanceOfRestrictedStockUnits" order="40" use="optional" preferredLabel="http://xbrl.us/us-gaap/role/label/negated" priority="1" />
    <loc xlink:type="locator" xlink:href="http://taxonomies.xbrl.us/us-gaap/2009/elts/us-gaap-2009-01-31.xsd#us-gaap_TaxBenefitFromStockOptionsExercised" xlink:label="loc_TaxBenefitFromStockOptionsExercised" />
    <presentationArc xlink:type="arc" xlink:arcrole="http://www.xbrl.org/2003/arcrole/parent-child" xlink:from="loc_AdjustmentsToReconcileNetIncomeLossToCashProvidedByUsedInOperatingActivitiesAbstract" xlink:to="loc_TaxBenefitFromStockOptionsExercised" order="80" use="optional" preferredLabel="http://www.xbrl.org/2003/role/verboseLabel" />
    <loc xlink:type="locator" xlink:href="http://taxonomies.xbrl.us/us-gaap/2009/elts/us-gaap-2009-01-31.xsd#us-gaap_DeferredIncomeTaxExpenseBenefit" xlink:label="loc_DeferredIncomeTaxExpenseBenefit" />
    <presentationArc xlink:type="arc" xlink:arcrole="http://www.xbrl.org/2003/arcrole/parent-child" xlink:from="loc_AdjustmentsToReconcileNetIncomeLossToCashProvidedByUsedInOperatingActivitiesAbstract" xlink:to="loc_DeferredIncomeTaxExpenseBenefit" order="140" use="optional" preferredLabel="http://www.xbrl.org/2003/role/verboseLabel" />
    <loc xlink:type="locator" xlink:href="prgs-20101130.xsd#prgs_RedemptionsOfAuctionRateSecuritiesAvailableForSales" xlink:label="prgs_RedemptionsOfAuctionRateSecuritiesAvailableForSales" />
    <presentationArc xlink:type="arc" xlink:arcrole="http://www.xbrl.org/2003/arcrole/parent-child" xlink:from="loc_NetCashProvidedByUsedInInvestingActivitiesAbstract" xlink:to="prgs_RedemptionsOfAuctionRateSecuritiesAvailableForSales" order="65" use="optional" preferredLabel="http://www.xbrl.org/2003/role/verboseLabel" priority="1" />
    <loc xlink:type="locator" xlink:href="prgs-20101130.xsd#prgs_RedemptionsAndSalesOfAuctionRateSecuritiesTrading" xlink:label="prgs_RedemptionsAndSalesOfAuctionRateSecuritiesTrading" />
    <presentationArc xlink:type="arc" xlink:arcrole="http://www.xbrl.org/2003/arcrole/parent-child" xlink:from="loc_NetCashProvidedByUsedInInvestingActivitiesAbstract" xlink:to="prgs_RedemptionsAndSalesOfAuctionRateSecuritiesTrading" order="67.5" use="optional" preferredLabel="http://www.xbrl.org/2003/role/verboseLabel" priority="1" />
  </presentationLink>
  <presentationLink xlink:type="extended" xlink:role="http://progress.com/role/IncomeTaxes" xlink:title="0210 - Disclosure - Income Taxes">
    <loc xlink:type="locator" xlink:href="http://taxonomies.xbrl.us/us-gaap/2009/elts/us-gaap-2009-01-31.xsd#us-gaap_IncomeTaxExpenseBenefitAbstract" xlink:label="loc_IncomeTaxExpenseBenefitAbstract" />
    <loc xlink:type="locator" xlink:href="http://taxonomies.xbrl.us/us-gaap/2009/elts/us-gaap-2009-01-31.xsd#us-gaap_IncomeTaxDisclosureTextBlock" xlink:label="loc_IncomeTaxDisclosureTextBlock" />
    <presentationArc xlink:type="arc" xlink:arcrole="http://www.xbrl.org/2003/arcrole/parent-child" xlink:from="loc_IncomeTaxExpenseBenefitAbstract" xlink:to="loc_IncomeTaxDisclosureTextBlock" order="20" use="optional" priority="1" preferredLabel="http://www.xbrl.org/2003/role/verboseLabel" />
  </presentationLink>
  <presentationLink xlink:type="extended" xlink:role="http://progress.com/role/Investments" xlink:title="0202 - Disclosure - Investments">
    <loc xlink:type="locator" xlink:href="http://taxonomies.xbrl.us/us-gaap/2009/elts/us-gaap-2009-01-31.xsd#us-gaap_InvestmentsAbstract" xlink:label="loc_InvestmentsAbstract" />
    <loc xlink:type="locator" xlink:href="http://taxonomies.xbrl.us/us-gaap/2009/elts/us-gaap-2009-01-31.xsd#us-gaap_InvestmentsInDebtAndMarketableEquitySecuritiesAndCertainTradingAssetsDisclosureTextBlock" xlink:label="loc_InvestmentsInDebtAndMarketableEquitySecuritiesAndCertainTradingAssetsDisclosureTextBlock" />
    <presentationArc xlink:type="arc" xlink:arcrole="http://www.xbrl.org/2003/arcrole/parent-child" xlink:from="loc_InvestmentsAbstract" xlink:to="loc_InvestmentsInDebtAndMarketableEquitySecuritiesAndCertainTradingAssetsDisclosureTextBlock" order="20" use="optional" priority="1" preferredLabel="http://www.xbrl.org/2003/role/verboseLabel" />
  </presentationLink>
  <presentationLink xlink:type="extended" xlink:role="http://progress.com/role/FairValueMeasurements" xlink:title="0203 - Disclosure - Fair Value Measurements">
    <loc xlink:type="locator" xlink:href="prgs-20101130.xsd#prgs_FairValueMeasurementsAbstract" xlink:label="prgs_FairValueMeasurementsAbstract" />
    <loc xlink:type="locator" xlink:href="http://taxonomies.xbrl.us/us-gaap/2009/elts/us-gaap-2009-01-31.xsd#us-gaap_FairValueDisclosuresTextBlock" xlink:label="loc_FairValueDisclosuresTextBlock" />
    <presentationArc xlink:type="arc" xlink:arcrole="http://www.xbrl.org/2003/arcrole/parent-child" xlink:from="prgs_FairValueMeasurementsAbstract" xlink:to="loc_FairValueDisclosuresTextBlock" order="20" use="optional" priority="1" preferredLabel="http://www.xbrl.org/2003/role/verboseLabel" />
  </presentationLink>
  <presentationLink xlink:type="extended" xlink:role="http://progress.com/role/DerivativeInstruments" xlink:title="0204 - Disclosure - Derivative Instruments">
    <loc xlink:type="locator" xlink:href="http://taxonomies.xbrl.us/us-gaap/2009/elts/us-gaap-2009-01-31.xsd#us-gaap_DerivativeInstrumentsAndHedgesAbstract" xlink:label="loc_DerivativeInstrumentsAndHedgesAbstract" />
    <loc xlink:type="locator" xlink:href="http://taxonomies.xbrl.us/us-gaap/2009/elts/us-gaap-2009-01-31.xsd#us-gaap_DerivativeInstrumentsAndHedgingActivitiesDisclosureTextBlock" xlink:label="loc_DerivativeInstrumentsAndHedgingActivitiesDisclosureTextBlock" />
    <presentationArc xlink:type="arc" xlink:arcrole="http://www.xbrl.org/2003/arcrole/parent-child" xlink:from="loc_DerivativeInstrumentsAndHedgesAbstract" xlink:to="loc_DerivativeInstrumentsAndHedgingActivitiesDisclosureTextBlock" order="20" use="optional" priority="1" preferredLabel="http://www.xbrl.org/2003/role/verboseLabel" />
  </presentationLink>
  <presentationLink xlink:type="extended" xlink:role="http://progress.com/role/SegmentInformation" xlink:title="0212 - Disclosure - Business Segments and International Operations">
    <loc xlink:type="locator" xlink:href="http://taxonomies.xbrl.us/us-gaap/2009/elts/us-gaap-2009-01-31.xsd#us-gaap_SegmentReportingInformationOperatingIncomeLossAbstract" xlink:label="loc_SegmentReportingInformationOperatingIncomeLossAbstract" />
    <loc xlink:type="locator" xlink:href="http://taxonomies.xbrl.us/us-gaap/2009/elts/us-gaap-2009-01-31.xsd#us-gaap_SegmentReportingDisclosureTextBlock" xlink:label="loc_SegmentReportingDisclosureTextBlock" />
    <presentationArc xlink:type="arc" xlink:arcrole="http://www.xbrl.org/2003/arcrole/parent-child" xlink:from="loc_SegmentReportingInformationOperatingIncomeLossAbstract" xlink:to="loc_SegmentReportingDisclosureTextBlock" order="20" use="optional" preferredLabel="http://www.xbrl.org/2003/role/verboseLabel" priority="1" />
  </presentationLink>
  <presentationLink xlink:type="extended" xlink:role="http://progress.com/role/RestructuringCharges" xlink:title="0214 - Disclosure - Restructuring Charges">
    <loc xlink:type="locator" xlink:href="http://taxonomies.xbrl.us/us-gaap/2009/elts/us-gaap-2009-01-31.xsd#us-gaap_RestructuringChargesAbstract" xlink:label="loc_RestructuringChargesAbstract" />
    <loc xlink:type="locator" xlink:href="http://taxonomies.xbrl.us/us-gaap/2009/elts/us-gaap-2009-01-31.xsd#us-gaap_RestructuringAndRelatedActivitiesDisclosureTextBlock" xlink:label="loc_RestructuringAndRelatedActivitiesDisclosureTextBlock" />
    <presentationArc xlink:type="arc" xlink:arcrole="http://www.xbrl.org/2003/arcrole/parent-child" xlink:from="loc_RestructuringChargesAbstract" xlink:to="loc_RestructuringAndRelatedActivitiesDisclosureTextBlock" order="20" use="optional" priority="1" preferredLabel="http://www.xbrl.org/2003/role/verboseLabel" />
  </presentationLink>
  <presentationLink xlink:type="extended" xlink:role="http://progress.com/role/BalanceSheetsParenthetical" xlink:title="0111 - Statement - Consolidated Balance Sheets (Parenthetical)">
    <loc xlink:type="locator" xlink:href="http://taxonomies.xbrl.us/us-gaap/2009/elts/us-gaap-2009-01-31.xsd#us-gaap_StatementOfFinancialPositionAbstract" xlink:label="loc_StatementOfFinancialPositionAbstract" />
    <loc xlink:type="locator" xlink:href="http://taxonomies.xbrl.us/us-gaap/2009/elts/us-gaap-2009-01-31.xsd#us-gaap_StockholdersEquityAbstract" xlink:label="loc_StockholdersEquityAbstract" />
    <presentationArc xlink:type="arc" xlink:arcrole="http://www.xbrl.org/2003/arcrole/parent-child" xlink:from="loc_StatementOfFinancialPositionAbstract" xlink:to="loc_StockholdersEquityAbstract" order="40" use="optional" preferredLabel="http://www.xbrl.org/2003/role/verboseLabel" priority="1" />
    <loc xlink:type="locator" xlink:href="http://taxonomies.xbrl.us/us-gaap/2009/elts/us-gaap-2009-01-31.xsd#us-gaap_CommonStockSharesAuthorized" xlink:label="loc_CommonStockSharesAuthorized" />
    <presentationArc xlink:type="arc" xlink:arcrole="http://www.xbrl.org/2003/arcrole/parent-child" xlink:from="loc_StockholdersEquityAbstract" xlink:to="loc_CommonStockSharesAuthorized" order="100" use="optional" preferredLabel="http://www.xbrl.org/2003/role/verboseLabel" priority="1" />
    <loc xlink:type="locator" xlink:href="http://taxonomies.xbrl.us/us-gaap/2009/elts/us-gaap-2009-01-31.xsd#us-gaap_CommonStockSharesIssued" xlink:label="loc_CommonStockSharesIssued" />
    <presentationArc xlink:type="arc" xlink:arcrole="http://www.xbrl.org/2003/arcrole/parent-child" xlink:from="loc_StockholdersEquityAbstract" xlink:to="loc_CommonStockSharesIssued" order="120" use="optional" preferredLabel="http://www.xbrl.org/2003/role/verboseLabel" priority="1" />
    <loc xlink:type="locator" xlink:href="http://taxonomies.xbrl.us/us-gaap/2009/elts/us-gaap-2009-01-31.xsd#us-gaap_CommonStockSharesOutstanding" xlink:label="loc_CommonStockSharesOutstanding" />
    <presentationArc xlink:type="arc" xlink:arcrole="http://www.xbrl.org/2003/arcrole/parent-child" xlink:from="loc_StockholdersEquityAbstract" xlink:to="loc_CommonStockSharesOutstanding" order="140" use="optional" preferredLabel="http://www.xbrl.org/2003/role/verboseLabel" priority="1" />
    <loc xlink:type="locator" xlink:href="http://taxonomies.xbrl.us/us-gaap/2009/elts/us-gaap-2009-01-31.xsd#us-gaap_AccumulatedOtherComprehensiveIncomeLossNetOfTax" xlink:label="loc_AccumulatedOtherComprehensiveIncomeLossNetOfTax" />
    <presentationArc xlink:type="arc" xlink:arcrole="http://www.xbrl.org/2003/arcrole/parent-child" xlink:from="loc_StockholdersEquityAbstract" xlink:to="loc_AccumulatedOtherComprehensiveIncomeLossNetOfTax" order="160" use="optional" preferredLabel="http://www.xbrl.org/2003/role/verboseLabel" priority="1" />
    <loc xlink:type="locator" xlink:href="http://taxonomies.xbrl.us/us-gaap/2009/elts/us-gaap-2009-01-31.xsd#us-gaap_AssetsCurrentAbstract" xlink:label="loc_AssetsCurrentAbstract" />
    <presentationArc xlink:type="arc" xlink:arcrole="http://www.xbrl.org/2003/arcrole/parent-child" xlink:from="loc_StatementOfFinancialPositionAbstract" xlink:to="loc_AssetsCurrentAbstract" order="20" use="optional" preferredLabel="http://www.xbrl.org/2003/role/verboseLabel" />
    <loc xlink:type="locator" xlink:href="http://taxonomies.xbrl.us/us-gaap/2009/elts/us-gaap-2009-01-31.xsd#us-gaap_AllowanceForDoubtfulAccountsReceivableCurrent" xlink:label="loc_AllowanceForDoubtfulAccountsReceivableCurrent" />
    <presentationArc xlink:type="arc" xlink:arcrole="http://www.xbrl.org/2003/arcrole/parent-child" xlink:from="loc_AssetsCurrentAbstract" xlink:to="loc_AllowanceForDoubtfulAccountsReceivableCurrent" order="20" use="optional" preferredLabel="http://www.xbrl.org/2003/role/verboseLabel" priority="1" />
    <loc xlink:type="locator" xlink:href="http://taxonomies.xbrl.us/us-gaap/2009/elts/us-gaap-2009-01-31.xsd#us-gaap_PreferredStockParOrStatedValuePerShare" xlink:label="loc_PreferredStockParOrStatedValuePerShare" />
    <presentationArc xlink:type="arc" xlink:arcrole="http://www.xbrl.org/2003/arcrole/parent-child" xlink:from="loc_StockholdersEquityAbstract" xlink:to="loc_PreferredStockParOrStatedValuePerShare" order="20" use="optional" preferredLabel="http://www.xbrl.org/2003/role/verboseLabel" priority="1" />
    <loc xlink:type="locator" xlink:href="http://taxonomies.xbrl.us/us-gaap/2009/elts/us-gaap-2009-01-31.xsd#us-gaap_PreferredStockSharesAuthorized" xlink:label="loc_PreferredStockSharesAuthorized" />
    <presentationArc xlink:type="arc" xlink:arcrole="http://www.xbrl.org/2003/arcrole/parent-child" xlink:from="loc_StockholdersEquityAbstract" xlink:to="loc_PreferredStockSharesAuthorized" order="40" use="optional" preferredLabel="http://www.xbrl.org/2003/role/verboseLabel" priority="1" />
    <loc xlink:type="locator" xlink:href="http://taxonomies.xbrl.us/us-gaap/2009/elts/us-gaap-2009-01-31.xsd#us-gaap_PreferredStockSharesIssued" xlink:label="loc_PreferredStockSharesIssued" />
    <presentationArc xlink:type="arc" xlink:arcrole="http://www.xbrl.org/2003/arcrole/parent-child" xlink:from="loc_StockholdersEquityAbstract" xlink:to="loc_PreferredStockSharesIssued" order="60" use="optional" preferredLabel="http://www.xbrl.org/2003/role/verboseLabel" priority="1" />
    <loc xlink:type="locator" xlink:href="http://taxonomies.xbrl.us/us-gaap/2009/elts/us-gaap-2009-01-31.xsd#us-gaap_CommonStockParOrStatedValuePerShare" xlink:label="loc_CommonStockParOrStatedValuePerShare" />
    <presentationArc xlink:type="arc" xlink:arcrole="http://www.xbrl.org/2003/arcrole/parent-child" xlink:from="loc_StockholdersEquityAbstract" xlink:to="loc_CommonStockParOrStatedValuePerShare" order="80" use="optional" preferredLabel="http://www.xbrl.org/2003/role/verboseLabel" priority="1" />
  </presentationLink>
  <presentationLink xlink:type="extended" xlink:role="http://progress.com/role/EarningsLossPerShare" xlink:title="0207 - Disclosure - Earnings Per Share">
    <loc xlink:type="locator" xlink:href="http://taxonomies.xbrl.us/us-gaap/2009/elts/us-gaap-2009-01-31.xsd#us-gaap_EarningsPerShareAbstract" xlink:label="loc_EarningsPerShareAbstract" />
    <loc xlink:type="locator" xlink:href="http://taxonomies.xbrl.us/us-gaap/2009/elts/us-gaap-2009-01-31.xsd#us-gaap_EarningsPerShareTextBlock" xlink:label="loc_EarningsPerShareTextBlock" />
    <presentationArc xlink:type="arc" xlink:arcrole="http://www.xbrl.org/2003/arcrole/parent-child" xlink:from="loc_EarningsPerShareAbstract" xlink:to="loc_EarningsPerShareTextBlock" order="20" use="optional" preferredLabel="http://www.xbrl.org/2003/role/verboseLabel" priority="1" />
  </presentationLink>
  <presentationLink xlink:type="extended" xlink:role="http://progress.com/role/BusinessCombinations" xlink:title="0213 - Disclosure - Business Combinations">
    <loc xlink:type="locator" xlink:href="prgs-20101130.xsd#prgs_BusinessCombinationsAbstract" xlink:label="prgs_BusinessCombinationsAbstract" />
    <loc xlink:type="locator" xlink:href="http://taxonomies.xbrl.us/us-gaap/2009/elts/us-gaap-2009-01-31.xsd#us-gaap_BusinessCombinationDisclosureTextBlock" xlink:label="loc_BusinessCombinationDisclosureTextBlock" />
    <presentationArc xlink:type="arc" xlink:arcrole="http://www.xbrl.org/2003/arcrole/parent-child" xlink:from="prgs_BusinessCombinationsAbstract" xlink:to="loc_BusinessCombinationDisclosureTextBlock" order="20" use="optional" priority="1" preferredLabel="http://www.xbrl.org/2003/role/verboseLabel" />
  </presentationLink>
  <presentationLink xlink:type="extended" xlink:role="http://progress.com/role/DocumentAndEntityInformation" xlink:title="00 - Document - Document and Entity Information">
    <loc xlink:type="locator" xlink:href="prgs-20101130.xsd#prgs_DocumentAndEntityInformationAbstract" xlink:label="prgs_DocumentAndEntityInformationAbstract" />
    <loc xlink:type="locator" xlink:href="http://taxonomies.xbrl.us/us-gaap/2009/non-gaap/dei-2009-01-31.xsd#dei_EntityCommonStockSharesOutstanding" xlink:label="loc_EntityCommonStockSharesOutstanding" />
    <presentationArc xlink:type="arc" xlink:arcrole="http://www.xbrl.org/2003/arcrole/parent-child" xlink:from="prgs_DocumentAndEntityInformationAbstract" xlink:to="loc_EntityCommonStockSharesOutstanding" order="280" use="optional" />
    <loc xlink:type="locator" xlink:href="http://taxonomies.xbrl.us/us-gaap/2009/non-gaap/dei-2009-01-31.xsd#dei_EntityPublicFloat" xlink:label="loc_EntityPublicFloat" />
    <presentationArc xlink:type="arc" xlink:arcrole="http://www.xbrl.org/2003/arcrole/parent-child" xlink:from="prgs_DocumentAndEntityInformationAbstract" xlink:to="loc_EntityPublicFloat" order="260" use="optional" />
    <loc xlink:type="locator" xlink:href="http://taxonomies.xbrl.us/us-gaap/2009/non-gaap/dei-2009-01-31.xsd#dei_EntityFilerCategory" xlink:label="loc_EntityFilerCategory" />
    <presentationArc xlink:type="arc" xlink:arcrole="http://www.xbrl.org/2003/arcrole/parent-child" xlink:from="prgs_DocumentAndEntityInformationAbstract" xlink:to="loc_EntityFilerCategory" order="240" use="optional" />
    <loc xlink:type="locator" xlink:href="http://taxonomies.xbrl.us/us-gaap/2009/non-gaap/dei-2009-01-31.xsd#dei_EntityCurrentReportingStatus" xlink:label="loc_EntityCurrentReportingStatus" />
    <presentationArc xlink:type="arc" xlink:arcrole="http://www.xbrl.org/2003/arcrole/parent-child" xlink:from="prgs_DocumentAndEntityInformationAbstract" xlink:to="loc_EntityCurrentReportingStatus" order="220" use="optional" />
    <loc xlink:type="locator" xlink:href="http://taxonomies.xbrl.us/us-gaap/2009/non-gaap/dei-2009-01-31.xsd#dei_EntityVoluntaryFilers" xlink:label="loc_EntityVoluntaryFilers" />
    <presentationArc xlink:type="arc" xlink:arcrole="http://www.xbrl.org/2003/arcrole/parent-child" xlink:from="prgs_DocumentAndEntityInformationAbstract" xlink:to="loc_EntityVoluntaryFilers" order="200" use="optional" />
    <loc xlink:type="locator" xlink:href="http://taxonomies.xbrl.us/us-gaap/2009/non-gaap/dei-2009-01-31.xsd#dei_EntityWellKnownSeasonedIssuer" xlink:label="loc_EntityWellKnownSeasonedIssuer" />
    <presentationArc xlink:type="arc" xlink:arcrole="http://www.xbrl.org/2003/arcrole/parent-child" xlink:from="prgs_DocumentAndEntityInformationAbstract" xlink:to="loc_EntityWellKnownSeasonedIssuer" order="180" use="optional" />
    <loc xlink:type="locator" xlink:href="http://taxonomies.xbrl.us/us-gaap/2009/non-gaap/dei-2009-01-31.xsd#dei_CurrentFiscalYearEndDate" xlink:label="loc_CurrentFiscalYearEndDate" />
    <presentationArc xlink:type="arc" xlink:arcrole="http://www.xbrl.org/2003/arcrole/parent-child" xlink:from="prgs_DocumentAndEntityInformationAbstract" xlink:to="loc_CurrentFiscalYearEndDate" order="160" use="optional" />
    <loc xlink:type="locator" xlink:href="http://taxonomies.xbrl.us/us-gaap/2009/non-gaap/dei-2009-01-31.xsd#dei_DocumentFiscalPeriodFocus" xlink:label="loc_DocumentFiscalPeriodFocus" />
    <presentationArc xlink:type="arc" xlink:arcrole="http://www.xbrl.org/2003/arcrole/parent-child" xlink:from="prgs_DocumentAndEntityInformationAbstract" xlink:to="loc_DocumentFiscalPeriodFocus" order="140" use="optional" />
    <loc xlink:type="locator" xlink:href="http://taxonomies.xbrl.us/us-gaap/2009/non-gaap/dei-2009-01-31.xsd#dei_DocumentFiscalYearFocus" xlink:label="loc_DocumentFiscalYearFocus" />
    <presentationArc xlink:type="arc" xlink:arcrole="http://www.xbrl.org/2003/arcrole/parent-child" xlink:from="prgs_DocumentAndEntityInformationAbstract" xlink:to="loc_DocumentFiscalYearFocus" order="120" use="optional" />
    <loc xlink:type="locator" xlink:href="http://taxonomies.xbrl.us/us-gaap/2009/non-gaap/dei-2009-01-31.xsd#dei_AmendmentFlag" xlink:label="loc_AmendmentFlag" />
    <presentationArc xlink:type="arc" xlink:arcrole="http://www.xbrl.org/2003/arcrole/parent-child" xlink:from="prgs_DocumentAndEntityInformationAbstract" xlink:to="loc_AmendmentFlag" order="100" use="optional" />
    <loc xlink:type="locator" xlink:href="http://taxonomies.xbrl.us/us-gaap/2009/non-gaap/dei-2009-01-31.xsd#dei_DocumentPeriodEndDate" xlink:label="loc_DocumentPeriodEndDate" />
    <presentationArc xlink:type="arc" xlink:arcrole="http://www.xbrl.org/2003/arcrole/parent-child" xlink:from="prgs_DocumentAndEntityInformationAbstract" xlink:to="loc_DocumentPeriodEndDate" order="80" use="optional" />
    <loc xlink:type="locator" xlink:href="http://taxonomies.xbrl.us/us-gaap/2009/non-gaap/dei-2009-01-31.xsd#dei_DocumentType" xlink:label="loc_DocumentType" />
    <presentationArc xlink:type="arc" xlink:arcrole="http://www.xbrl.org/2003/arcrole/parent-child" xlink:from="prgs_DocumentAndEntityInformationAbstract" xlink:to="loc_DocumentType" order="60" use="optional" />
    <loc xlink:type="locator" xlink:href="http://taxonomies.xbrl.us/us-gaap/2009/non-gaap/dei-2009-01-31.xsd#dei_EntityCentralIndexKey" xlink:label="loc_EntityCentralIndexKey" />
    <presentationArc xlink:type="arc" xlink:arcrole="http://www.xbrl.org/2003/arcrole/parent-child" xlink:from="prgs_DocumentAndEntityInformationAbstract" xlink:to="loc_EntityCentralIndexKey" order="40" use="optional" />
    <loc xlink:type="locator" xlink:href="http://taxonomies.xbrl.us/us-gaap/2009/non-gaap/dei-2009-01-31.xsd#dei_EntityRegistrantName" xlink:label="loc_EntityRegistrantName" />
    <presentationArc xlink:type="arc" xlink:arcrole="http://www.xbrl.org/2003/arcrole/parent-child" xlink:from="prgs_DocumentAndEntityInformationAbstract" xlink:to="loc_EntityRegistrantName" order="20" use="optional" />
  </presentationLink>
  <presentationLink xlink:type="extended" xlink:role="http://progress.com/role/NatureOfBusinessAndSummaryOfSignificantAccountingPolicies" xlink:title="0201 - Disclosure - Nature of Business and Summary of Significant Accounting Policies">
    <loc xlink:type="locator" xlink:href="prgs-20101130.xsd#prgs_NatureOfBusinessAndSummaryOfSignificantAccountingPoliciesAbstract" xlink:label="prgs_NatureOfBusinessAndSummaryOfSignificantAccountingPoliciesAbstract" />
    <loc xlink:type="locator" xlink:href="http://taxonomies.xbrl.us/us-gaap/2009/elts/us-gaap-2009-01-31.xsd#us-gaap_SignificantAccountingPoliciesTextBlock" xlink:label="loc_SignificantAccountingPoliciesTextBlock" />
    <presentationArc xlink:type="arc" xlink:arcrole="http://www.xbrl.org/2003/arcrole/parent-child" xlink:from="prgs_NatureOfBusinessAndSummaryOfSignificantAccountingPoliciesAbstract" xlink:to="loc_SignificantAccountingPoliciesTextBlock" order="20" use="optional" priority="1" preferredLabel="http://www.xbrl.org/2003/role/verboseLabel" />
  </presentationLink>
  <presentationLink xlink:type="extended" xlink:role="http://progress.com/role/PropertyAndEquipment" xlink:title="0205 - Disclosure - Property and Equipment">
    <loc xlink:type="locator" xlink:href="http://taxonomies.xbrl.us/us-gaap/2009/elts/us-gaap-2009-01-31.xsd#us-gaap_PropertyPlantAndEquipmentAbstract" xlink:label="loc_PropertyPlantAndEquipmentAbstract" />
    <loc xlink:type="locator" xlink:href="http://taxonomies.xbrl.us/us-gaap/2009/elts/us-gaap-2009-01-31.xsd#us-gaap_PropertyPlantAndEquipmentDisclosureTextBlock" xlink:label="loc_PropertyPlantAndEquipmentDisclosureTextBlock" />
    <presentationArc xlink:type="arc" xlink:arcrole="http://www.xbrl.org/2003/arcrole/parent-child" xlink:from="loc_PropertyPlantAndEquipmentAbstract" xlink:to="loc_PropertyPlantAndEquipmentDisclosureTextBlock" order="20" use="optional" priority="1" preferredLabel="http://www.xbrl.org/2003/role/verboseLabel" />
  </presentationLink>
  <presentationLink xlink:type="extended" xlink:role="http://progress.com/role/IntangibleAssetsAndGoodwill" xlink:title="0206 - Disclosure - Intangible Assets and Goodwill">
    <loc xlink:type="locator" xlink:href="prgs-20101130.xsd#prgs_IntangibleAssetsAndGoodwillAbstract" xlink:label="prgs_IntangibleAssetsAndGoodwillAbstract" />
    <loc xlink:type="locator" xlink:href="http://taxonomies.xbrl.us/us-gaap/2009/elts/us-gaap-2009-01-31.xsd#us-gaap_GoodwillAndIntangibleAssetsDisclosureTextBlock" xlink:label="loc_GoodwillAndIntangibleAssetsDisclosureTextBlock" />
    <presentationArc xlink:type="arc" xlink:arcrole="http://www.xbrl.org/2003/arcrole/parent-child" xlink:from="prgs_IntangibleAssetsAndGoodwillAbstract" xlink:to="loc_GoodwillAndIntangibleAssetsDisclosureTextBlock" order="20" use="optional" priority="1" preferredLabel="http://www.xbrl.org/2003/role/verboseLabel" />
  </presentationLink>
  <presentationLink xlink:type="extended" xlink:role="http://progress.com/role/ShareholdersEquity" xlink:title="0208 - Disclosure - Shareholders' Equity">
    <loc xlink:type="locator" xlink:href="http://taxonomies.xbrl.us/us-gaap/2009/elts/us-gaap-2009-01-31.xsd#us-gaap_StockholdersEquityNoteAbstract" xlink:label="loc_StockholdersEquityNoteAbstract" />
    <loc xlink:type="locator" xlink:href="http://taxonomies.xbrl.us/us-gaap/2009/elts/us-gaap-2009-01-31.xsd#us-gaap_StockholdersEquityNoteDisclosureTextBlock" xlink:label="loc_StockholdersEquityNoteDisclosureTextBlock" />
    <presentationArc xlink:type="arc" xlink:arcrole="http://www.xbrl.org/2003/arcrole/parent-child" xlink:from="loc_StockholdersEquityNoteAbstract" xlink:to="loc_StockholdersEquityNoteDisclosureTextBlock" order="20" use="optional" preferredLabel="http://www.xbrl.org/2003/role/verboseLabel" priority="1" />
  </presentationLink>
  <presentationLink xlink:type="extended" xlink:role="http://progress.com/role/RetirementPlan" xlink:title="0209 - Disclosure - Retirement Plan">
    <loc xlink:type="locator" xlink:href="http://taxonomies.xbrl.us/us-gaap/2009/elts/us-gaap-2009-01-31.xsd#us-gaap_DefinedContributionPensionAndOtherPostretirementPlansDisclosureAbstract" xlink:label="loc_DefinedContributionPensionAndOtherPostretirementPlansDisclosureAbstract" />
    <loc xlink:type="locator" xlink:href="prgs-20101130.xsd#prgs_ScheduleOfDefinedContributionPlansDisclosuresTextBlock" xlink:label="prgs_ScheduleOfDefinedContributionPlansDisclosuresTextBlock" />
    <presentationArc xlink:type="arc" xlink:arcrole="http://www.xbrl.org/2003/arcrole/parent-child" xlink:from="loc_DefinedContributionPensionAndOtherPostretirementPlansDisclosureAbstract" xlink:to="prgs_ScheduleOfDefinedContributionPlansDisclosuresTextBlock" order="10" use="optional" preferredLabel="http://www.xbrl.org/2003/role/verboseLabel" priority="1" />
  </presentationLink>
  <presentationLink xlink:type="extended" xlink:role="http://progress.com/role/LongTermDebtCommitmentsAndContingencies" xlink:title="0211 - Disclosure - Long-term Debt, Commitments and Contingencies">
    <loc xlink:type="locator" xlink:href="prgs-20101130.xsd#prgs_LongTermDebtCommitmentsAndContingenciesAbstract" xlink:label="prgs_LongTermDebtCommitmentsAndContingenciesAbstract" />
    <loc xlink:type="locator" xlink:href="prgs-20101130.xsd#prgs_LongTermDebtCommitmentsAndContingenciesTextBlock" xlink:label="prgs_LongTermDebtCommitmentsAndContingenciesTextBlock" />
    <presentationArc xlink:type="arc" xlink:arcrole="http://www.xbrl.org/2003/arcrole/parent-child" xlink:from="prgs_LongTermDebtCommitmentsAndContingenciesAbstract" xlink:to="prgs_LongTermDebtCommitmentsAndContingenciesTextBlock" order="20" use="optional" preferredLabel="http://www.xbrl.org/2003/role/verboseLabel" priority="1" />
  </presentationLink>
  <presentationLink xlink:type="extended" xlink:role="http://progress.com/role/SelectedQuarterlyFinancialData" xlink:title="0215 - Disclosure - Selected Quarterly Financial Data (unaudited)">
    <loc xlink:type="locator" xlink:href="http://taxonomies.xbrl.us/us-gaap/2009/elts/us-gaap-2009-01-31.xsd#us-gaap_SelectedQuarterlyFinancialInformationAbstract" xlink:label="loc_SelectedQuarterlyFinancialInformationAbstract" />
    <loc xlink:type="locator" xlink:href="http://taxonomies.xbrl.us/us-gaap/2009/elts/us-gaap-2009-01-31.xsd#us-gaap_QuarterlyFinancialInformationTextBlock" xlink:label="loc_QuarterlyFinancialInformationTextBlock" />
    <presentationArc xlink:type="arc" xlink:arcrole="http://www.xbrl.org/2003/arcrole/parent-child" xlink:from="loc_SelectedQuarterlyFinancialInformationAbstract" xlink:to="loc_QuarterlyFinancialInformationTextBlock" order="20" use="optional" preferredLabel="http://www.xbrl.org/2003/role/verboseLabel" priority="1" />
  </presentationLink>
  <presentationLink xlink:type="extended" xlink:role="http://progress.com/role/StatementOfStockHoldersEquity" xlink:title="0130 - Statement - Consolidated Statements of Shareholders' Equity">
    <loc xlink:type="locator" xlink:href="http://taxonomies.xbrl.us/us-gaap/2009/elts/us-gaap-2009-01-31.xsd#us-gaap_StatementOfStockholdersEquityAbstract" xlink:label="loc_StatementOfStockholdersEquityAbstract" />
    <loc xlink:type="locator" xlink:href="http://taxonomies.xbrl.us/us-gaap/2009/elts/us-gaap-2009-01-31.xsd#us-gaap_StatementTable" xlink:label="loc_StatementTable" />
    <presentationArc xlink:type="arc" xlink:arcrole="http://www.xbrl.org/2003/arcrole/parent-child" xlink:from="loc_StatementOfStockholdersEquityAbstract" xlink:to="loc_StatementTable" order="20" use="optional" />
    <loc xlink:type="locator" xlink:href="http://taxonomies.xbrl.us/us-gaap/2009/elts/us-gaap-2009-01-31.xsd#us-gaap_StatementEquityComponentsAxis" xlink:label="loc_StatementEquityComponentsAxis" />
    <presentationArc xlink:type="arc" xlink:arcrole="http://www.xbrl.org/2003/arcrole/parent-child" xlink:from="loc_StatementTable" xlink:to="loc_StatementEquityComponentsAxis" order="20" use="optional" />
    <loc xlink:type="locator" xlink:href="http://taxonomies.xbrl.us/us-gaap/2009/elts/us-gaap-2009-01-31.xsd#us-gaap_StatementLineItems" xlink:label="loc_StatementLineItems" />
    <presentationArc xlink:type="arc" xlink:arcrole="http://www.xbrl.org/2003/arcrole/parent-child" xlink:from="loc_StatementTable" xlink:to="loc_StatementLineItems" order="40" use="optional" />
    <loc xlink:type="locator" xlink:href="http://taxonomies.xbrl.us/us-gaap/2009/elts/us-gaap-2009-01-31.xsd#us-gaap_EquityComponentDomain" xlink:label="loc_EquityComponentDomain" />
    <presentationArc xlink:type="arc" xlink:arcrole="http://www.xbrl.org/2003/arcrole/parent-child" xlink:from="loc_StatementEquityComponentsAxis" xlink:to="loc_EquityComponentDomain" order="20" use="optional" />
    <loc xlink:type="locator" xlink:href="http://taxonomies.xbrl.us/us-gaap/2009/elts/us-gaap-2009-01-31.xsd#us-gaap_ParentMember" xlink:label="loc_ParentMember" />
    <presentationArc xlink:type="arc" xlink:arcrole="http://www.xbrl.org/2003/arcrole/parent-child" xlink:from="loc_EquityComponentDomain" xlink:to="loc_ParentMember" order="20" use="optional" />
    <loc xlink:type="locator" xlink:href="http://taxonomies.xbrl.us/us-gaap/2009/elts/us-gaap-2009-01-31.xsd#us-gaap_CommonStockIncludingAdditionalPaidInCapitalMember" xlink:label="loc_CommonStockIncludingAdditionalPaidInCapitalMember" />
    <presentationArc xlink:type="arc" xlink:arcrole="http://www.xbrl.org/2003/arcrole/parent-child" xlink:from="loc_ParentMember" xlink:to="loc_CommonStockIncludingAdditionalPaidInCapitalMember" order="20" use="optional" />
    <loc xlink:type="locator" xlink:href="prgs-20101130.xsd#prgs_PresentValueOfPaymentsForRepricingOfStockOptions" xlink:label="prgs_PresentValueOfPaymentsForRepricingOfStockOptions" />
    <presentationArc xlink:type="arc" xlink:arcrole="http://www.xbrl.org/2003/arcrole/parent-child" xlink:from="loc_StatementLineItems" xlink:to="prgs_PresentValueOfPaymentsForRepricingOfStockOptions" order="80" use="optional" preferredLabel="http://www.xbrl.org/2003/role/verboseLabel" priority="1" />
    <loc xlink:type="locator" xlink:href="http://taxonomies.xbrl.us/us-gaap/2009/elts/us-gaap-2009-01-31.xsd#us-gaap_StockIssuedDuringPeriodValueEmployeeStockPurchasePlan" xlink:label="loc_StockIssuedDuringPeriodValueEmployeeStockPurchasePlan" />
    <presentationArc xlink:type="arc" xlink:arcrole="http://www.xbrl.org/2003/arcrole/parent-child" xlink:from="loc_StatementLineItems" xlink:to="loc_StockIssuedDuringPeriodValueEmployeeStockPurchasePlan" order="60" use="optional" preferredLabel="http://www.xbrl.org/2003/role/verboseLabel" />
    <loc xlink:type="locator" xlink:href="http://taxonomies.xbrl.us/us-gaap/2009/elts/us-gaap-2009-01-31.xsd#us-gaap_StockIssuedDuringPeriodValueStockOptionsExercised" xlink:label="loc_StockIssuedDuringPeriodValueStockOptionsExercised" />
    <presentationArc xlink:type="arc" xlink:arcrole="http://www.xbrl.org/2003/arcrole/parent-child" xlink:from="loc_StatementLineItems" xlink:to="loc_StockIssuedDuringPeriodValueStockOptionsExercised" order="40" use="optional" preferredLabel="http://www.xbrl.org/2003/role/verboseLabel" />
    <loc xlink:type="locator" xlink:href="http://taxonomies.xbrl.us/us-gaap/2009/elts/us-gaap-2009-01-31.xsd#us-gaap_StockholdersEquity" xlink:label="loc_StockholdersEquity" />
    <presentationArc xlink:type="arc" xlink:arcrole="http://www.xbrl.org/2003/arcrole/parent-child" xlink:from="loc_StatementLineItems" xlink:to="loc_StockholdersEquity" order="20" use="optional" preferredLabel="http://www.xbrl.org/2003/role/periodStartLabel" />
    <loc xlink:type="locator" xlink:href="http://taxonomies.xbrl.us/us-gaap/2009/elts/us-gaap-2009-01-31.xsd#us-gaap_AdjustmentsToAdditionalPaidInCapitalSharebasedCompensationRequisiteServicePeriodRecognitionValue" xlink:label="loc_AdjustmentsToAdditionalPaidInCapitalSharebasedCompensationRequisiteServicePeriodRecognitionValue" />
    <presentationArc xlink:type="arc" xlink:arcrole="http://www.xbrl.org/2003/arcrole/parent-child" xlink:from="loc_StatementLineItems" xlink:to="loc_AdjustmentsToAdditionalPaidInCapitalSharebasedCompensationRequisiteServicePeriodRecognitionValue" order="100" use="optional" preferredLabel="http://www.xbrl.org/2003/role/verboseLabel" />
    <loc xlink:type="locator" xlink:href="http://taxonomies.xbrl.us/us-gaap/2009/elts/us-gaap-2009-01-31.xsd#us-gaap_NetIncomeLoss" xlink:label="loc_NetIncomeLoss" />
    <presentationArc xlink:type="arc" xlink:arcrole="http://www.xbrl.org/2003/arcrole/parent-child" xlink:from="loc_StatementLineItems" xlink:to="loc_NetIncomeLoss" order="150" use="optional" preferredLabel="http://www.xbrl.org/2003/role/verboseLabel" priority="1" />
    <loc xlink:type="locator" xlink:href="http://taxonomies.xbrl.us/us-gaap/2009/elts/us-gaap-2009-01-31.xsd#us-gaap_CumulativeEffectOfInitialAdoptionOfFIN48" xlink:label="loc_CumulativeEffectOfInitialAdoptionOfFIN48" />
    <presentationArc xlink:type="arc" xlink:arcrole="http://www.xbrl.org/2003/arcrole/parent-child" xlink:from="loc_StatementLineItems" xlink:to="loc_CumulativeEffectOfInitialAdoptionOfFIN48" order="190" use="optional" preferredLabel="http://www.xbrl.org/2003/role/verboseLabel" />
    <loc xlink:type="locator" xlink:href="http://taxonomies.xbrl.us/us-gaap/2009/elts/us-gaap-2009-01-31.xsd#us-gaap_StockholdersEquity" xlink:label="us-gaap_StockholdersEquity_2" />
    <presentationArc xlink:type="arc" xlink:arcrole="http://www.xbrl.org/2003/arcrole/parent-child" xlink:from="loc_StatementLineItems" xlink:to="us-gaap_StockholdersEquity_2" order="260" use="optional" preferredLabel="http://www.xbrl.org/2003/role/periodEndLabel" priority="1" />
    <loc xlink:type="locator" xlink:href="http://taxonomies.xbrl.us/us-gaap/2009/elts/us-gaap-2009-01-31.xsd#us-gaap_OtherComprehensiveIncomeLossNetOfTaxPeriodIncreaseDecreaseAbstract" xlink:label="loc_OtherComprehensiveIncomeLossNetOfTaxPeriodIncreaseDecreaseAbstract" />
    <presentationArc xlink:type="arc" xlink:arcrole="http://www.xbrl.org/2003/arcrole/parent-child" xlink:from="loc_StatementLineItems" xlink:to="loc_OtherComprehensiveIncomeLossNetOfTaxPeriodIncreaseDecreaseAbstract" order="155" use="optional" preferredLabel="http://www.xbrl.org/2003/role/verboseLabel" />
    <loc xlink:type="locator" xlink:href="http://taxonomies.xbrl.us/us-gaap/2009/elts/us-gaap-2009-01-31.xsd#us-gaap_OtherComprehensiveIncomeUnrealizedHoldingGainLossOnSecuritiesArisingDuringPeriodNetOfTax" xlink:label="loc_OtherComprehensiveIncomeUnrealizedHoldingGainLossOnSecuritiesArisingDuringPeriodNetOfTax" />
    <presentationArc xlink:type="arc" xlink:arcrole="http://www.xbrl.org/2003/arcrole/parent-child" xlink:from="loc_OtherComprehensiveIncomeLossNetOfTaxPeriodIncreaseDecreaseAbstract" xlink:to="loc_OtherComprehensiveIncomeUnrealizedHoldingGainLossOnSecuritiesArisingDuringPeriodNetOfTax" order="160" use="optional" preferredLabel="http://www.xbrl.org/2003/role/verboseLabel" priority="1" />
    <loc xlink:type="locator" xlink:href="http://taxonomies.xbrl.us/us-gaap/2009/elts/us-gaap-2009-01-31.xsd#us-gaap_OtherComprehensiveIncomeForeignCurrencyTransactionAndTranslationAdjustmentNetOfTaxPeriodIncreaseDecrease" xlink:label="loc_OtherComprehensiveIncomeForeignCurrencyTransactionAndTranslationAdjustmentNetOfTaxPeriodIncreaseDecrease" />
    <presentationArc xlink:type="arc" xlink:arcrole="http://www.xbrl.org/2003/arcrole/parent-child" xlink:from="loc_OtherComprehensiveIncomeLossNetOfTaxPeriodIncreaseDecreaseAbstract" xlink:to="loc_OtherComprehensiveIncomeForeignCurrencyTransactionAndTranslationAdjustmentNetOfTaxPeriodIncreaseDecrease" order="170" use="optional" preferredLabel="http://www.xbrl.org/2003/role/totalLabel" priority="1" />
    <loc xlink:type="locator" xlink:href="http://taxonomies.xbrl.us/us-gaap/2009/elts/us-gaap-2009-01-31.xsd#us-gaap_ComprehensiveIncomeNetOfTax" xlink:label="loc_ComprehensiveIncomeNetOfTax" />
    <presentationArc xlink:type="arc" xlink:arcrole="http://www.xbrl.org/2003/arcrole/parent-child" xlink:from="loc_StatementLineItems" xlink:to="loc_ComprehensiveIncomeNetOfTax" order="180" use="optional" preferredLabel="http://www.xbrl.org/2003/role/totalLabel" priority="1" />
    <loc xlink:type="locator" xlink:href="prgs-20101130.xsd#prgs_RetainedEarningsAndAccumulatedOtherComprehensiveIncomeMember" xlink:label="prgs_RetainedEarningsAndAccumulatedOtherComprehensiveIncomeMember" />
    <presentationArc xlink:type="arc" xlink:arcrole="http://www.xbrl.org/2003/arcrole/parent-child" xlink:from="loc_ParentMember" xlink:to="prgs_RetainedEarningsAndAccumulatedOtherComprehensiveIncomeMember" order="40" use="optional" preferredLabel="http://www.xbrl.org/2003/role/label" priority="1" />
    <loc xlink:type="locator" xlink:href="prgs-20101130.xsd#prgs_WithholdingTaxPaymentRelatingToNetIssuanceOfRestrictedStockUnits" xlink:label="prgs_WithholdingTaxPaymentRelatingToNetIssuanceOfRestrictedStockUnits" />
    <presentationArc xlink:type="arc" xlink:arcrole="http://www.xbrl.org/2003/arcrole/parent-child" xlink:from="loc_StatementLineItems" xlink:to="prgs_WithholdingTaxPaymentRelatingToNetIssuanceOfRestrictedStockUnits" order="120" use="optional" preferredLabel="http://xbrl.us/us-gaap/role/label/negated" />
    <loc xlink:type="locator" xlink:href="http://taxonomies.xbrl.us/us-gaap/2009/elts/us-gaap-2009-01-31.xsd#us-gaap_AdjustmentsToAdditionalPaidInCapitalTaxEffectFromShareBasedCompensation" xlink:label="loc_AdjustmentsToAdditionalPaidInCapitalTaxEffectFromShareBasedCompensation" />
    <presentationArc xlink:type="arc" xlink:arcrole="http://www.xbrl.org/2003/arcrole/parent-child" xlink:from="loc_StatementLineItems" xlink:to="loc_AdjustmentsToAdditionalPaidInCapitalTaxEffectFromShareBasedCompensation" order="140" use="optional" preferredLabel="http://www.xbrl.org/2003/role/totalLabel" />
    <loc xlink:type="locator" xlink:href="http://taxonomies.xbrl.us/us-gaap/2009/elts/us-gaap-2009-01-31.xsd#us-gaap_StockRepurchasedAndRetiredDuringPeriodValue" xlink:label="loc_StockRepurchasedAndRetiredDuringPeriodValue" />
    <presentationArc xlink:type="arc" xlink:arcrole="http://www.xbrl.org/2003/arcrole/parent-child" xlink:from="loc_StatementLineItems" xlink:to="loc_StockRepurchasedAndRetiredDuringPeriodValue" order="65" use="optional" preferredLabel="http://xbrl.us/us-gaap/role/label/negated" />
  </presentationLink>
</linkbase>
